Trials,COMPOSITE_THRPT_PROM,COMPOSITE_THRPT_WRK,CPU_USAGE,MEM_USAGE,CPU_MIN,CPU_MAX,MEM_MIN,MEM_MAX,db_THROUGHPUT_WRK,db_RESPONSETIME_WRK,db_RESPONSETIME_MAX_WRK,db_RESPONSETIME_STDEV_WRK,db_WEB_ERRORS,db_THRPT_WRK_CI,db_RSPTIME_WRK_CIi,json_THROUGHPUT_WRK,json_RESPONSETIME_WRK,json_RESPONSETIME_MAX_WRK,json_RESPONSETIME_STDEV_WRK,json_WEB_ERRORS,json_THRPT_WRK_CI,json_RSPTIME_WRK_CIi,fortunes_THROUGHPUT_WRK,fortunes_RESPONSETIME_WRK,fortunes_RESPONSETIME_MAX_WRK,fortunes_RESPONSETIME_STDEV_WRK,fortunes_WEB_ERRORS,fortunes_THRPT_WRK_CI,fortunes_RSPTIME_WRK_CIi,plaintext_THROUGHPUT_WRK,plaintext_RESPONSETIME_WRK,plaintext_RESPONSETIME_MAX_WRK,plaintext_RESPONSETIME_STDEV_WRK,plaintext_WEB_ERRORS,plaintext_THRPT_WRK_CI,plaintext_RSPTIME_WRK_CIi,queries_THROUGHPUT_WRK,queries_RESPONSETIME_WRK,queries_RESPONSETIME_MAX_WRK,queries_RESPONSETIME_STDEV_WRK,queries_WEB_ERRORS,queries_THRPT_WRK_CI,queries_RSPTIME_WRK_CIi,updates_THROUGHPUT_WRK,updates_RESPONSETIME_WRK,updates_RESPONSETIME_MAX_WRK,updates_RESPONSETIME_STDEV_WRK,updates_WEB_ERRORS,updates_THRPT_WRK_CI,updates_RSPTIME_WRK_CIi,THROUGHPUT_DB,RSP_TIME_DB,MAX_RSP_TIME_DB,THRPT_DB_CI,RSP_TIME_DB_CI,THROUGHPUT_JSON,RSP_TIME_JSON,MAX_RSP_TIME_JSON,THRPT_JSON_CI,RSP_TIME_JSON_CI,THROUGHPUT_FORTUNES,RSP_TIME_FORTUNES,MAX_RSP_TIME_FORTUNES,THRPT_FORTUNES_CI,RSP_TIME_FORTUNES_CI,THROUGHPUT_PLAINTEXT,RSP_TIME_PLAINTEXT,MAX_RSP_TIME_PLAINTEXT,THRPT_PLAINTEXT_CI,RSP_TIME_PLAINTEXT_CI,THROUGHPUT_QUERIES,RSP_TIME_QUERIES,MAX_RSP_TIME_QUERIES,THRPT_QUERIES_CI,RSP_TIME_QUERIES_CI,THROUGHPUT_UPDATES,RSP_TIME_UPDATES,MAX_RSP_TIME_UPDATES,THRPT_UPDATES_CI,RSP_TIME_UPDATES_CI,CPU_REQ,MEM_REQ,CPU_LIM,MEM_LIM,QRKS_TP_CORETHREADS,QRKS_TP_QUEUESIZE,QRKS_DS_JDBC_MINSIZE,QRKS_DS_JDBC_MAXSIZE,FreqInlineSize,MaxInlineLevel,MinInliningThreshold,CompileThreshold,CompileThresholdScaling,ConcGCThreads,InlineSmallCode,LoopUnrollLimit,LoopUnrollMin,MinSurvivorRatio,NewRatio,TieredStopAtLevel,TieredCompilation,AllowParallelDefineClass,AllowVectorizeOnDemand,AlwaysCompileLoopMethods,AlwaysPreTouch,AlwaysTenure,BackgroundCompilation,DoEscapeAnalysis,UseInlineCaches,UseLoopPredicate,UseStringDeduplication,UseSuperWord,UseTypeSpeculation,gcpolicy,StackTraceInThrowable,checkBounds,httpiothreads,DEPLOYMENT_NAME,NAMESPACE,IMAGE_NAME
73,229947.296733333,95842.34041,2.98775,1056.21,2.8022644039963,3.19939378326667,994,1090,27639.9,18.4925,270.53,21.3525,0,0.6,0.63,53570,9.5375,45.88,4.3225,0,1.47,1.45,17924.5,28.505,327.16,30.805,0,1.53,1.54,55955.6,9.13,49.55,3.45,0,0.72,0.75,4892.19,104.69,297.8,21.8825,0,2.01,2.02,4167.37,122.963,354.42,23.3775,0,1.5,1.52,65999,3.20147,1440.503557,2.47,61.45,127169,0.460576,162.983554,6.62,22.06,42909.4,13.2071,2885.163053,5.59,94.89,132787,0.439825,143.81264,5.57,24.9,11768.3,100.048,578.042963,13.49,8.26,10025.7,118.463,1718.481944,8.5,14.51,4,4096M,4,4096M,6,9850,8,23,470,16,35,5700,9,2,1620,208,16,11,4,0,FALSE,TRUE,FALSE,FALSE,FALSE,TRUE,TRUE,TRUE,TRUE,TRUE,FALSE,TRUE,TRUE,UseParallelGC,TRUE,FALSE,TRUE,tfb-qrh-sample,autotune-tfb,kusumach/tfb-qrh:2.9.0.F_mm
40,228758.610823333,95500.493395,3.00384,775.323,2.77481572461852,3.20372600441481,752,804,28606.6,17.8725,274.73,20.42,0,1.01,1.06,54603.3,9.36,51.9,4.225,0,0.73,0.69,17277.7,29.5975,314.57,30.85,0,1.39,1.37,55442.5,9.2225,50.33,3.35,0,3.66,3.69,4878.19,105.015,346.03,26.53,0,1.5,1.54,4141.94,123.703,310.38,27.945,0,0.7,0.7,68172.6,2.61836,1506.123706,4.12,129.46,129604,0.45556,185.47945,1.26,23.07,41340.1,7.4489,2726.224973,7.71,9.65,131506,0.42482,350.856412,23.6,109.26,11734,100.566,1685.316807,8.56,8.55,9938.08,118.469,3198.223622,0.72,6.01,4,4096M,4,4096M,10,9150,12,32,405,44,155,4350,13.6,2,3300,176,17,4,8,2,FALSE,TRUE,FALSE,FALSE,FALSE,FALSE,TRUE,TRUE,TRUE,TRUE,TRUE,FALSE,TRUE,UseParallelGC,FALSE,FALSE,TRUE,tfb-qrh-sample,autotune-tfb,kusumach/tfb-qrh:2.9.0.F_mm
78,225001.577941667,93706.2209266667,3.00385,890.468,2.79058056463704,3.20216957846296,815,957,28219.4,18.1175,267.39,20.5925,0,1.78,1.83,53642.5,9.53,111.15,4.3925,0,1.75,1.76,17538.2,29.145,322.96,30.5725,0,1.74,1.67,55721.3,9.1725,48.23,3.555,0,1.68,1.64,4727.08,108.34,385.88,26.7575,0,1.29,1.3,4040.22,126.805,320.86,28.085,0,1.04,1.01,67485.1,2.65913,1324.208868,11.09,120.77,127325,0.461065,104.815548,8.73,55.91,42057.3,6.86393,2970.357307,9,203.72,131946,0.445704,73.093579,11.89,59.75,11386.2,103.756,507.580702,4.77,0.59,9725.95,121.803,3491.000949,4.67,8.95,4,4096M,4,4096M,7,7500,7,30,415,20,35,6150,7.1,4,2500,214,20,6,6,0,FALSE,TRUE,TRUE,FALSE,FALSE,TRUE,TRUE,TRUE,TRUE,FALSE,FALSE,TRUE,TRUE,UseParallelGC,TRUE,FALSE,TRUE,tfb-qrh-sample,autotune-tfb,kusumach/tfb-qrh:2.9.0.F_mm
38,224241.78234,93478.0001483333,2.99699,847.488,2.85779865604074,3.20580481277778,786,906,28876.3,17.7075,221.25,20.28,0,0.77,0.74,52242.6,9.7825,77.07,5.345,0,2.39,2.38,16985.9,30.095,329.25,31.3025,0,1.16,1.16,53519.8,9.55,73.4,4.73,0,0.4,0.43,4843.35,105.777,381.68,32.1575,0,1.91,1.92,4025.18,127.355,471.86,34.5775,0,1.74,1.81,69046.1,2.79382,1435.403599,2.6,72.53,124275,0.490492,597.396001,12.51,46.42,40663.9,7.16518,6803.437484,2.5,37.43,127384,0.515365,74.348952,0.17,104.38,11658.5,104.187,1450.730855,12.53,12.25,9671.58,125.72,1325.050593,9.98,11.16,4,4096M,4,4096M,20,2100,11,43,445,29,45,4600,7.5,5,3340,48,11,7,6,4,TRUE,TRUE,FALSE,FALSE,TRUE,FALSE,TRUE,FALSE,FALSE,FALSE,TRUE,TRUE,FALSE,UseParallelGC,TRUE,TRUE,TRUE,tfb-qrh-sample,autotune-tfb,kusumach/tfb-qrh:2.9.0.F_mm
86,222942.233566667,92975.3835,2.97951,722.701,2.79153012422963,3.20474555513333,693,754,27466.3,18.615,164.63,21.3825,0,1.16,1.1,53506.6,9.5525,99.61,4.4475,0,2.73,2.71,17250.8,29.6175,276.82,31.3675,0,0.28,0.23,55309.5,9.2425,51.12,3.4525,0,1.2,1.2,4734.85,108.198,341.84,22.97,0,2.63,2.63,4012.85,127.703,299.89,23.8475,0,2.91,2.95,65388.4,3.06055,1402.370047,7.69,74.06,127111,0.465223,107.287454,15.91,23.74,41288.8,14.1838,2828.949035,0.7,126.21,130986,0.443301,80.189989,8.89,26.77,11377.5,104.064,418.748858,18.36,16.79,9652.5,123.26,2207.179855,16.95,14.14,4,4096M,4,4096M,26,7950,11,24,455,38,15,3150,8.4,6,2860,54,3,6,10,3,FALSE,TRUE,FALSE,FALSE,FALSE,FALSE,TRUE,FALSE,FALSE,TRUE,TRUE,FALSE,FALSE,UseParallelGC,FALSE,TRUE,TRUE,tfb-qrh-sample,autotune-tfb,kusumach/tfb-qrh:2.9.0.F_mm
41,222797.521816667,93112.268765,2.99353,732.008,2.69573755998889,3.19888701882963,667,783,28037.8,18.2375,130.02,21.1925,0,2.23,2.22,54802.1,9.3275,64.23,4.135,0,4.47,4.53,17392.5,29.385,287.31,30.6775,0,0.78,0.73,55797.8,9.1625,212.86,3.825,0,4.04,4.09,4675.11,109.6,352.32,25.245,0,3.38,3.39,4000.78,128.16,356.52,26.36,0,3.64,3.63,66616.8,3.12099,1490.491382,16.36,77.54,130058,0.502838,192.06925,29.3,46.95,41544.3,10.0326,2920.639338,5.78,74.69,132430,0.49127,154.018633,24.65,21.37,11253,105.554,496.499597,23.88,21.44,9586.4,123.188,2199.691892,24.53,29.24,4,4096M,4,4096M,8,8750,12,27,445,47,130,5150,14.2,1,2520,120,15,8,9,0,FALSE,TRUE,FALSE,FALSE,FALSE,FALSE,TRUE,TRUE,TRUE,TRUE,FALSE,FALSE,TRUE,UseParallelGC,FALSE,FALSE,TRUE,tfb-qrh-sample,autotune-tfb,kusumach/tfb-qrh:2.9.0.F_mm
58,221862.972901667,92624.5422316667,2.984,980.134,2.77405536256296,3.20548920112963,863,1021,27988.3,18.2775,113.25,21.27,0,3.19,3.2,52442.6,9.7475,91.75,5.445,0,2.84,2.82,17059.1,29.975,260.05,31.175,0,1.92,1.93,54788.1,9.33,212.86,4.2325,0,2.43,2.44,4737.85,108.135,383.78,32.23,0,2.13,2.09,3996.08,128.2,377.49,33.7375,0,0.99,0.95,66852,2.86286,1307.806402,18.02,2.75,124570,0.504363,78.283852,19.85,34.21,40820.5,6.79168,3706.695688,7.22,15.81,130031,0.467672,79.221452,13.77,78.69,11397.6,103.345,596.874604,14.4,8.15,9581.57,123.447,2599.840249,5.72,2.97,4,4096M,4,4096M,6,9400,11,41,380,16,125,4200,13.4,6,1800,238,12,14,4,3,FALSE,TRUE,FALSE,FALSE,TRUE,FALSE,TRUE,FALSE,TRUE,TRUE,TRUE,TRUE,TRUE,UseParallelGC,TRUE,FALSE,TRUE,tfb-qrh-sample,autotune-tfb,kusumach/tfb-qrh:2.9.0.F_mm
55,221809.686568333,92492.22161,2.97923,798.193,2.71893328756296,3.20148665368519,689,868,27969.4,18.285,270.53,20.9925,0,0.54,0.57,53821.1,9.4975,106.95,4.73,0,1.77,1.7,17196.4,29.7425,253.76,30.9875,0,1.73,1.78,55131.6,9.27,64.49,4.06,0,1.75,1.69,4695.11,109.072,383.78,29.8375,0,1.58,1.54,3969.37,129.085,595.59,33.2375,0,2.22,2.27,66845.2,2.84156,1890.722201,2.13,5.18,127753,0.471157,181.710824,13.26,4.65,41201.2,7.07802,2842.752297,9.3,84.72,130763,0.443941,78.531577,6.28,51.06,11306.7,104.413,581.114234,10.09,10.66,9534.97,123.781,3104.686145,13.63,19.18,4,4096M,4,4096M,9,8600,10,35,440,36,155,4050,12.3,5,2500,190,15,10,7,2,FALSE,TRUE,FALSE,FALSE,TRUE,FALSE,TRUE,TRUE,TRUE,TRUE,TRUE,FALSE,TRUE,UseParallelGC,TRUE,FALSE,TRUE,tfb-qrh-sample,autotune-tfb,kusumach/tfb-qrh:2.9.0.F_mm
68,221672.201426667,92548.6359716667,2.97988,892.464,2.77089399433704,3.20548163216667,796,947,27992.1,18.2725,289.41,20.975,0,1.27,1.27,53584.2,9.535,56.36,4.61,0,2.06,2.1,17120.3,29.855,295.7,31.09,0,1.08,1.06,55999.1,9.1275,71.3,3.7625,0,1.2,1.24,4696.43,109.098,419.43,31.325,0,1.44,1.42,3979.26,128.727,417.33,32.9325,0,1.2,1.16,66980.5,2.89141,1802.657772,6.87,20.54,127198,0.479246,80.605184,8.15,73.62,40980.1,6.61085,1992.124828,7.72,16.88,132411,0.465302,84.252219,5.7,26.73,11283.5,105.005,585.890894,10.18,11.11,9544.22,124.718,2800.045034,5.24,4.82,4,4096M,4,4096M,24,5300,10,38,475,32,65,4000,8.9,5,2960,100,6,10,5,4,FALSE,TRUE,FALSE,FALSE,TRUE,FALSE,TRUE,FALSE,FALSE,TRUE,TRUE,TRUE,FALSE,UseParallelGC,TRUE,TRUE,TRUE,tfb-qrh-sample,autotune-tfb,kusumach/tfb-qrh:2.9.0.F_mm
61,220240.899415,91861.377365,2.98587,1248.07,2.77381712611852,3.20684459474444,1013,1374,27635.8,18.5,159.38,21.3925,0,2.34,2.36,52340.6,9.77,216.01,5.2075,0,3.3,3.29,17130.5,29.8475,331.35,31.17,0,0.85,0.82,54330.2,9.405,219.15,4.3525,0,1.59,1.54,4630.65,110.6,358.61,28.02,0,0.92,0.92,3970.48,129.077,371.2,29.01,0,0.54,0.5,65960.2,2.85238,1257.30852,15.26,54.37,124424,0.516074,90.411561,22,34.69,41033.8,7.45633,2434.643545,5.34,17.64,129471,0.469108,65.126308,9.73,73.7,11136.3,105.607,405.267564,1.23,0.88,9535.73,123.76,2296.863297,1.87,7.01,4,4096M,4,4096M,1,9500,8,31,410,16,65,6450,13.9,5,1200,226,13,14,2,1,FALSE,TRUE,FALSE,FALSE,TRUE,FALSE,TRUE,TRUE,TRUE,TRUE,FALSE,TRUE,TRUE,UseParallelGC,TRUE,FALSE,TRUE,tfb-qrh-sample,autotune-tfb,kusumach/tfb-qrh:2.9.0.F_mm
83,220053.330915,91860.85373,3.01571,834.431,2.76578841956296,3.19966635122222,773,915,28365.4,18.025,173.02,20.3875,0,0.42,0.47,52832.6,9.675,50.59,4.14,0,0.88,0.88,16983.7,30.1125,299.89,30.935,0,1.32,1.28,55853.6,9.1525,65.8,3.47,0,0.2,0.22,4659.61,109.922,392.17,33.9525,0,1.09,1.13,3940.61,130.048,398.46,35.095,0,0.99,1.08,67905.2,2.51328,1378.813746,3.12,107.83,125683,0.431659,128.959068,3.7,73.56,40686.5,6.3102,1851.416149,2.39,105.83,132343,0.4265,81.48636,1.47,46.66,11201.9,105.631,499.960699,5.22,9.46,9444.43,125.539,2901.75448,3.91,3.18,4,4096M,4,4096M,25,6050,9,43,490,35,20,5300,9.6,6,3160,90,6,11,6,3,FALSE,TRUE,FALSE,FALSE,FALSE,FALSE,TRUE,FALSE,FALSE,TRUE,TRUE,FALSE,FALSE,UseParallelGC,FALSE,TRUE,TRUE,tfb-qrh-sample,autotune-tfb,kusumach/tfb-qrh:2.9.0.F_mm
57,219906.823008333,91811.6403833333,2.9888,902.471,2.81299537828889,3.20365764891852,831,947,28000.3,18.265,173.02,21.07,0,1.38,1.4,52718.6,9.6975,99.09,5.165,0,0.19,0.25,16989.2,30.1175,331.35,31.0875,0,1.77,1.84,54962.4,9.3,93.32,4.305,0,1.51,1.56,4668.67,109.707,367,32.88,0,0.99,1.01,3946.15,129.885,377.49,34.165,0,0.32,0.23,66863.6,2.72059,1489.97521,6.35,116.22,125080,0.487692,80.419956,1.93,40.1,40742.1,6.79719,3185.089113,2.05,68.6,129967,0.490845,92.263174,7.37,81.43,11224.4,105.533,496.653857,6.19,19.71,9462.05,124.411,2778.548317,3.95,0.18,4,4096M,4,4096M,4,9700,12,41,410,30,140,4200,14.5,4,1940,212,13,12,5,3,FALSE,TRUE,FALSE,FALSE,TRUE,FALSE,TRUE,FALSE,TRUE,TRUE,TRUE,FALSE,TRUE,UseParallelGC,TRUE,FALSE,TRUE,tfb-qrh-sample,autotune-tfb,kusumach/tfb-qrh:2.9.0.F_mm
81,219830.90551,91486.8314066667,3.00376,988.972,2.73950835252222,3.20101420877407,940,1041,27262.4,18.7525,189.79,21.24,0,0.51,0.53,52189.3,9.7975,135.27,4.925,0,2.82,2.86,17387.5,29.4125,293.6,30.7175,0,0.8,0.9,53829.6,9.4925,63.18,4.2275,0,0.86,0.81,4596.68,111.45,343.93,25.965,0,1.56,1.61,3945.98,129.81,406.85,27.4625,0,1.31,1.39,65141.9,2.92016,1611.534004,1.01,32.98,124297,0.519232,250.899486,14.94,54,41689.2,8.04965,2784.993264,4.8,104.04,127700,0.509676,89.013493,2.41,1.45,11063.4,108.198,689.80255,9.49,8.87,9510.72,124.7,2094.537341,10.88,13.28,4,4096M,4,4096M,4,8550,8,27,435,13,35,3000,4.4,2,3780,228,20,9,5,0,FALSE,TRUE,TRUE,FALSE,FALSE,TRUE,TRUE,TRUE,TRUE,FALSE,FALSE,TRUE,TRUE,UseParallelGC,TRUE,FALSE,TRUE,tfb-qrh-sample,autotune-tfb,kusumach/tfb-qrh:2.9.0.F_mm
52,218571.46324,91261.8442583333,3.00444,683.351,2.78116243263704,3.20617797598889,647,749,27793,18.4,176.16,21.015,0,0.69,0.69,53656.5,9.525,56.89,4.535,0,1.23,1.26,16968.7,30.1325,198.18,31.14,0,1.32,1.29,55403.3,9.225,103.81,3.7525,0,1.73,1.73,4634.45,110.505,392.17,31.89,0,0.56,0.59,3900.5,131.385,367,33.3675,0,1.87,1.82,66440.8,2.89824,1591.337694,1.03,0.57,127629,0.481927,1003.539102,1.04,13.92,40629.2,7.08198,3066.627669,8.73,73.05,131348,0.442221,92.942056,8.12,58.26,11150.1,105.708,603.466674,1.85,3.89,9345.38,125.809,3485.918348,0.77,2.98,4,4096M,4,4096M,11,9300,9,38,455,43,160,6050,14.3,4,2200,136,5,4,10,0,FALSE,TRUE,FALSE,FALSE,TRUE,FALSE,TRUE,TRUE,TRUE,FALSE,FALSE,FALSE,TRUE,UseParallelGC,FALSE,FALSE,TRUE,tfb-qrh-sample,autotune-tfb,kusumach/tfb-qrh:2.9.0.F_mm
80,218205.750641667,90960.251785,2.9271,861.843,2.77596830021852,3.15797924673704,778,936,27031.8,18.91,209.72,22.2975,0,0.88,0.79,52374.1,9.7575,104.86,5.16,0,0.45,0.43,17218.5,29.665,343.93,30.7075,0,0.93,0.94,54503.8,9.38,49.28,3.995,0,1.6,1.64,4622.84,110.812,308.28,20.4975,0,0.54,0.56,3903.07,131.298,350.22,22.24,0,0.73,0.74,64647.3,4.50056,1425.510171,3.29,11.03,124197,0.517416,101.373749,1.7,48.53,41294.3,20.3084,2839.294237,5.95,69.13,129379,0.471266,83.219035,12.71,53.36,11117.2,107.13,385.181038,2.38,0.07,9384.55,125.9,1686.051251,3.46,3.04,4,4096M,4,4096M,6,7350,6,20,420,23,45,6150,5.1,5,2360,224,18,12,10,0,FALSE,TRUE,TRUE,FALSE,FALSE,TRUE,TRUE,FALSE,TRUE,FALSE,TRUE,TRUE,FALSE,UseParallelGC,TRUE,FALSE,TRUE,tfb-qrh-sample,autotune-tfb,kusumach/tfb-qrh:2.9.0.F_mm
85,218179.27924,90996.5051083333,2.99008,761.538,2.76395674638889,3.20398177699259,698,796,28414.2,17.995,214.96,19.8175,0,1.01,0.98,51898.3,9.85,74.45,4.33,0,2.66,2.67,16198.3,31.57,289.41,32.12,0,3.54,3.59,53941.3,9.4775,88.08,3.63,0,0.87,0.8,4695.37,109.153,415.24,34.195,0,2.82,2.77,3917.2,130.858,385.88,35.85,0,2.14,2.07,67968.3,2.3016,1207.131392,4.29,88.72,123468,0.449328,197.381892,16.84,37.8,38741.1,7.03402,7103.144338,9.64,32.37,128368,0.45451,104.030162,2.92,6.23,11285.1,107.617,1004.525362,21.96,21.4,9409.78,129.18,1185.37199,15.44,18.38,4,4096M,4,4096M,26,900,11,44,420,29,5,4650,9.1,8,3800,28,17,9,9,4,TRUE,TRUE,FALSE,FALSE,TRUE,FALSE,TRUE,FALSE,FALSE,TRUE,TRUE,TRUE,FALSE,UseParallelGC,TRUE,TRUE,TRUE,tfb-qrh-sample,autotune-tfb,kusumach/tfb-qrh:2.9.0.F_mm
56,217725.057256667,90697.3890716667,3.01785,1005.95,2.7916544705963,3.20753123967037,875,1046,24834,20.5725,183.5,24.725,0,0.77,0.74,44253.9,11.55,66.58,8.995,0,0.58,0.56,16634.1,30.73,343.93,33.1375,0,1.87,1.76,45563.3,11.2175,56.36,8.4575,0,1.06,1.08,4747.28,107.917,337.64,22.7425,0,1.21,1.23,4071.21,125.885,343.93,23.5925,0,0.61,0.62,59261,3.07169,1746.784817,1.41,89.95,105195,0.379857,195.039284,3.16,30.12,39847.3,14.7445,2287.390448,13.45,56.95,108338,0.366224,55.614377,0.88,17.99,11421.4,103.911,474.680943,1.84,4.44,9796.88,121.542,1981.642875,4.39,0.01,4,4096M,4,4096M,7,6750,12,24,425,43,170,3150,6.8,3,2780,202,12,4,4,2,FALSE,TRUE,TRUE,FALSE,TRUE,FALSE,TRUE,TRUE,TRUE,TRUE,TRUE,FALSE,TRUE,UseParallelGC,TRUE,FALSE,FALSE,tfb-qrh-sample,autotune-tfb,kusumach/tfb-qrh:2.9.0.F_mm
45,217218.066376667,90800.5866116667,2.99576,726.399,2.75622616141481,3.20283755515556,694,750,28629.6,17.86,175.11,20.1125,0,0.65,0.67,53872.2,9.4875,101.71,4.4,0,2.93,2.96,16543.8,30.925,316.67,31.59,0,3.79,3.92,56017.4,9.1275,60.03,3.48,0,1.71,1.67,4618.23,110.91,402.65,36.835,0,2.76,2.68,3864.64,132.555,394.26,38.3575,0,2.02,2.02,68362.1,2.46713,1291.464571,1.64,74.73,127937,0.463515,134.078366,16.5,65.93,39652.4,7.38732,2862.040624,22.8,55.01,132347,0.441685,51.46392,16.99,55.09,11071.9,106.409,591.939908,17.94,16.07,9254.02,127.813,2891.986163,12.28,17.52,4,4096M,4,4096M,3,7650,9,50,385,44,125,5600,13.2,2,2040,174,18,9,9,1,FALSE,TRUE,TRUE,FALSE,FALSE,FALSE,TRUE,TRUE,TRUE,TRUE,TRUE,FALSE,TRUE,UseParallelGC,FALSE,FALSE,TRUE,tfb-qrh-sample,autotune-tfb,kusumach/tfb-qrh:2.9.0.F_mm
59,216772.899218333,90703.0801133333,2.98589,1286.72,2.81369545658148,3.20464910818889,1173,1381,27757.1,18.4225,274.73,20.875,0,0.78,0.79,52171.5,9.795,57.15,5.0675,0,1.38,1.34,16877.4,30.32,278.92,31.45,0,2.21,2.23,54159.1,9.435,68.16,4.205,0,0.59,0.62,4607.24,111.107,392.17,35.295,0,1.42,1.35,3891.16,131.665,400.56,36.4725,0,0.98,1,66295.9,2.56086,1135.342071,4.79,11.26,123955,0.479183,101.390498,1.34,47.14,40202.8,6.83287,2019.395861,12.17,67.29,128575,0.461146,80.7746,1.25,48.64,11074.4,106.642,487.833836,6.96,8.54,9301.07,127.325,2896.038297,5.48,0.02,4,4096M,4,4096M,6,9600,10,45,395,26,145,1750,12.9,8,1180,136,13,8,2,4,FALSE,TRUE,FALSE,FALSE,TRUE,FALSE,TRUE,FALSE,TRUE,TRUE,TRUE,TRUE,TRUE,UseParallelGC,TRUE,FALSE,TRUE,tfb-qrh-sample,autotune-tfb,kusumach/tfb-qrh:2.9.0.F_mm
79,216691.885983333,90386.7257516667,2.98072,929.2,2.71907527827778,3.20554561240741,881,978,28073.8,18.2125,113.77,20.81,0,2.19,2.21,53520.4,9.5525,58.2,3.94,0,1.88,1.89,17434.8,29.32,283.12,30.615,0,1.68,1.6,56049.1,9.12,54.26,3.105,0,3.59,3.6,4523.45,113.27,358.61,29.0425,0,4.37,4.3,3824.52,134.215,387.97,30.805,0,7.25,7.29,66935.2,2.59398,1266.400771,12.36,18.98,127108,0.444227,197.714144,11.85,57.5,41777.9,6.47003,3006.603555,10.87,25.78,132878,0.43054,83.747176,22.53,19.17,10895.2,108.835,983.209436,30.63,32.24,9184.4,128.424,2200.188541,46.95,50.63,4,4096M,4,4096M,16,9100,9,31,490,22,45,8000,12,4,2080,216,16,4,5,1,FALSE,TRUE,TRUE,FALSE,FALSE,TRUE,TRUE,TRUE,TRUE,TRUE,FALSE,TRUE,TRUE,UseParallelGC,TRUE,FALSE,TRUE,tfb-qrh-sample,autotune-tfb,kusumach/tfb-qrh:2.9.0.F_mm
60,216124.327656667,90246.3199683333,3.0048,908.876,2.80589601090741,3.20208946960741,838,955,27341.2,18.7,160.43,21.6875,0,0.98,1.04,52076.8,9.815,136.31,5.285,0,2.95,2.98,16842.8,30.3575,308.28,31.52,0,0.9,1,54175.5,9.4325,217.06,4.7725,0,1.35,1.36,4557.5,112.435,375.39,32.9875,0,2.36,2.36,3880.87,132.06,354.42,33.7975,0,2.59,2.62,65296.8,3.10491,1322.920203,8.16,18.05,123385,0.504214,128.104268,3.47,39.87,40293.5,7.57985,3322.671915,7.04,1.36,128279,0.515168,132.926073,6.48,65.82,10976.9,107.412,497.70439,15.93,14.02,9304.18,127.404,2500.726542,19.45,17.98,4,4096M,4,4096M,3,9600,10,39,440,33,140,5050,15,2,2180,158,8,13,5,4,FALSE,TRUE,FALSE,FALSE,TRUE,FALSE,TRUE,FALSE,TRUE,FALSE,TRUE,FALSE,FALSE,UseParallelGC,TRUE,FALSE,TRUE,tfb-qrh-sample,autotune-tfb,kusumach/tfb-qrh:2.9.0.F_mm
50,215805.462906667,90309.1198433333,3.00344,755.226,2.77918977081852,3.19812324111852,719,781,28181.8,18.1425,227.54,20.6325,0,1.09,1.1,54194.6,9.4325,60.03,4.1175,0,3.27,3.31,16783.5,30.475,335.54,31.42,0,0.78,0.82,55881.3,9.145,50.59,3.54,0,0.86,0.86,4527.3,113.215,404.75,34.19,0,3.19,3.19,3843.12,133.405,392.17,35.39,0,3.01,2.99,67238.5,2.66129,1605.791281,6.49,18.71,128361,0.482719,165.942301,18.87,7.33,40127.9,8.15941,2101.129787,3.79,24.99,133170,0.474598,202.969215,2.77,100.09,10882.6,108.537,809.683599,21.91,20.79,9182.28,128.518,2595.332579,19.41,21.58,4,4096M,4,4096M,9,8000,11,41,445,43,150,5500,14.2,1,2580,120,11,15,9,0,FALSE,TRUE,FALSE,FALSE,TRUE,FALSE,TRUE,TRUE,TRUE,FALSE,FALSE,FALSE,TRUE,UseParallelGC,FALSE,FALSE,TRUE,tfb-qrh-sample,autotune-tfb,kusumach/tfb-qrh:2.9.0.F_mm
46,215052.918148333,90035.6165,2.98901,715.209,2.73855733423333,3.199837355,667,773,28040.2,18.2375,223.35,20.5275,0,1.01,1.01,53303.5,9.5875,170.92,4.4775,0,0.78,0.82,16810,30.42,331.35,31.0925,0,0.77,0.7,55091.4,9.2775,65.27,3.5125,0,1.53,1.51,4561.1,112.315,402.65,36.94,0,0.62,0.63,3825.3,133.993,392.17,38.2525,0,0.85,0.82,67039.7,2.55666,1370.854129,6.03,38.49,126271,0.519939,160.219103,8.03,35.06,40163.4,6.89618,3295.019502,3.76,26.88,131274,0.48954,237.382244,3.69,30.85,10961.6,107.226,597.609991,3.58,2.24,9129.13,128.809,3399.409083,3.44,3.03,4,4096M,4,4096M,7,7150,8,49,390,28,95,8500,9.9,1,1860,128,15,11,8,1,FALSE,TRUE,TRUE,FALSE,FALSE,FALSE,TRUE,TRUE,TRUE,TRUE,TRUE,FALSE,TRUE,UseParallelGC,FALSE,TRUE,TRUE,tfb-qrh-sample,autotune-tfb,kusumach/tfb-qrh:2.9.0.F_mm
77,214891.220456667,89692.222455,2.97753,791.095,2.81559173725185,3.20509865593333,750,835,27548.5,18.565,209.72,21.1875,0,1.89,1.88,52392.6,9.7575,107.48,5.1475,0,2.04,2.04,16264.5,31.455,333.45,32.04,0,2.37,2.34,54348.4,9.41,49.28,4.135,0,3.6,3.68,4562.43,112.305,398.46,35.5775,0,1.6,1.58,3854.86,133.007,385.88,36.5375,0,1.85,1.88,65823.2,2.76876,1044.05709,12.12,44.66,124410,0.50714,146.874542,12.15,43.57,38933.2,7.41064,2785.517882,2.95,36.63,128988,0.477362,106.135468,24.56,12.51,10985.2,107.446,413.13876,8.79,11.18,9244.38,127.705,2908.367971,10.33,7.42,4,4096M,4,4096M,25,7200,5,45,490,25,30,2900,10.8,3,1640,128,3,5,7,4,FALSE,TRUE,TRUE,FALSE,TRUE,FALSE,TRUE,FALSE,FALSE,TRUE,TRUE,TRUE,FALSE,UseParallelGC,TRUE,TRUE,TRUE,tfb-qrh-sample,autotune-tfb,kusumach/tfb-qrh:2.9.0.F_mm
62,213652.258566667,89232.0497516667,2.97489,1561.17,2.80477241092963,3.20260633378148,1261,1838,27201.6,18.7925,227.54,21.5925,0,0.8,0.76,52120.6,9.81,52.95,4.69,0,1.3,1.26,17645.3,28.965,337.64,30.505,0,1.62,1.57,54389.4,9.395,61.34,3.7875,0,1.63,1.69,4568.56,112.165,396.36,27.15,0,1.67,1.68,3742.87,136.947,371.2,29.8275,0,2.43,2.42,64839.3,2.96775,1781.580256,4.82,30.33,123572,0.47333,104.211726,6.42,101.26,42204.8,7.14686,2997.474536,8.77,70.59,128800,0.45156,92.368338,10.87,1.38,10989.4,107.492,809.533713,10,12.01,8976.9,131.331,2098.655524,1.87,3.78,4,4096M,4,4096M,14,5350,10,29,405,11,20,8200,13.6,5,1300,144,20,13,1,1,FALSE,TRUE,FALSE,FALSE,TRUE,FALSE,TRUE,TRUE,TRUE,TRUE,FALSE,TRUE,FALSE,UseParallelGC,TRUE,FALSE,TRUE,tfb-qrh-sample,autotune-tfb,kusumach/tfb-qrh:2.9.0.F_mm
65,213179.633601667,89300.593485,2.84815,759.786,2.70750799728148,3.04290662643333,722,783,28003.8,18.24,175.11,21.51,0,0.33,0.29,54123.9,9.4425,217.06,4.535,0,1.47,1.5,18282.9,27.9425,270.53,28.61,0,1.1,1.14,55383.5,9.23,62.91,3.775,0,1.85,1.85,4373.12,117.15,327.16,21.1225,0,0.34,0.34,3720.97,137.728,318.77,22.6275,0,0.78,0.77,66600.5,5.00451,1495.842534,1.13,126.08,128410,0.505334,164.17835,8.36,44.52,43728.6,20.6074,2472.175645,3.66,22.72,131378,0.478605,52.104736,10.69,22.1,10501.5,113.034,505.204294,0.37,1.32,8878.07,132.68,1504.052651,3.21,12,4,4096M,4,4096M,6,9850,11,19,415,35,90,4150,13.8,1,3620,172,12,5,8,0,FALSE,FALSE,FALSE,FALSE,FALSE,FALSE,TRUE,TRUE,FALSE,TRUE,FALSE,FALSE,FALSE,UseParallelGC,FALSE,FALSE,TRUE,tfb-qrh-sample,autotune-tfb,kusumach/tfb-qrh:2.9.0.F_mm
90,212362.559366667,88763.844675,2.98937,1263.35,2.79071787834444,3.20697044944074,1006,1386,28337,18.0475,166.72,20.0975,0,0.89,0.9,52404.4,9.7525,57.15,4.5025,0,1.73,1.75,16757.4,30.525,335.54,30.9875,0,2.97,2.99,54521.6,9.375,54.26,3.72,0,1.38,1.42,4506.67,113.688,394.26,37.29,0,1.16,1.19,3741.1,137.043,394.26,38.905,0,3.8,3.96,67555,2.43965,4194.498928,4.17,124.92,124672,0.489092,1970.805094,7.87,79.92,39941.7,6.10304,7014.681975,15.85,106.99,129216,0.460625,517.746383,7.83,48.97,10830.6,108.808,1512.140586,5.08,9.11,8963.1,132.145,3811.841103,14.2,11.97,4,4096M,4,4096M,3,8350,10,48,455,19,45,6800,13.5,6,2560,224,14,4,2,1,FALSE,TRUE,FALSE,FALSE,TRUE,FALSE,FALSE,TRUE,TRUE,FALSE,FALSE,TRUE,TRUE,UseParallelGC,TRUE,FALSE,TRUE,tfb-qrh-sample,autotune-tfb,kusumach/tfb-qrh:2.9.0.F_mm
25,212212.176973333,88417.7582083333,2.99438,730.929,2.74724251145926,3.20916593028519,682,767,24694,20.69,180.36,24.6,0,0.4,0.42,43842.5,11.66,66.58,9.385,0,0.69,0.72,15665.6,32.6175,301.99,34.36,0,1.42,1.39,44821.1,11.4075,63.96,9.2175,0,1.1,1.14,4615.2,111.023,329.25,27.7625,0,2.56,2.59,3982.25,128.713,333.45,28.25,0,2.08,2.07,59002.6,2.68279,1678.983609,3.68,18.63,104250,0.396209,195.781748,3.89,5.62,37474.6,8.15186,3870.395829,8.45,1.59,106467,0.388344,134.269098,5.44,7.73,11108.6,106.199,689.140326,17.96,12.8,9578.88,122.689,1992.861181,13.69,15.27,4,4096M,4,4096M,9,8450,8,30,495,30,155,5550,12.8,3,3160,164,12,3,8,3,FALSE,TRUE,FALSE,FALSE,FALSE,FALSE,TRUE,TRUE,TRUE,FALSE,TRUE,FALSE,FALSE,UseParallelGC,FALSE,TRUE,FALSE,tfb-qrh-sample,autotune-tfb,kusumach/tfb-qrh:2.9.0.F_mm
70,211944.766623333,88443.8699966667,2.9769,910.767,2.75451006952963,3.20734017555926,863,947,28712.8,17.81,107.48,19.915,0,0.81,0.85,53177.8,9.6125,99.61,4.7275,0,2.99,3,15446.9,33.125,287.31,33.3825,0,3.56,3.5,54646.8,9.355,219.15,4.305,0,2.83,2.78,4499.13,113.825,463.47,41.5125,0,1.12,1.09,3772.41,135.808,467.66,42.1,0,1.79,1.84,68596.6,2.23645,1164.507107,2.64,58.15,125926,0.469383,94.187187,15.62,0.34,36979.2,7.43142,2436.065961,11.3,21.31,129580,0.473938,213.978864,9.23,77.23,10818.5,109.651,601.069155,3.4,3.6,9061.28,130.349,2872.364995,12.25,8.95,4,4096M,4,4096M,23,5550,12,61,410,29,50,6100,5.3,4,2660,132,7,11,5,3,FALSE,TRUE,FALSE,FALSE,TRUE,FALSE,TRUE,FALSE,FALSE,TRUE,TRUE,TRUE,FALSE,UseParallelGC,TRUE,FALSE,TRUE,tfb-qrh-sample,autotune-tfb,kusumach/tfb-qrh:2.9.0.F_mm
24,210875.247035,87999.0074283333,2.99651,679.081,2.79142323728148,3.20541222338519,633,719,23968.1,21.3225,287.31,25.1225,0,1.88,1.83,43251.5,11.82,61.6,9.42,0,0.61,0.65,15540.9,32.88,346.03,34.285,0,0.95,0.97,44269,11.5475,63.7,8.9425,0,0.72,0.69,4662.2,109.933,331.35,25.03,0,2.58,2.54,3966.39,129.207,346.03,26.3675,0,1.95,1.98,57197.4,2.9824,7373.323592,14.13,68.79,102535,0.418321,4080.755228,1.64,11.64,37221.6,11.5843,5784.181663,4.53,20.04,105137,0.410474,227.394005,6.25,10.63,11207.9,105.509,1501.773361,15.35,15.1,9519.17,123.827,2412.973147,11.67,7.05,4,4096M,4,4096M,10,5000,9,27,495,21,165,3750,11.4,2,3260,76,12,4,10,3,FALSE,TRUE,FALSE,FALSE,TRUE,FALSE,FALSE,TRUE,FALSE,FALSE,TRUE,FALSE,FALSE,UseParallelGC,FALSE,TRUE,FALSE,tfb-qrh-sample,autotune-tfb,kusumach/tfb-qrh:2.9.0.F_mm
27,209408.166331667,87375.1491666667,2.97254,773.773,2.74454027806667,3.20589491598518,719,810,24809.4,20.5975,184.55,24.5375,0,0.67,0.7,44481.4,11.495,66.32,9.4,0,1.4,1.37,15560,32.86,432.01,33.995,0,1.69,1.65,45432.1,11.2525,66.32,8.8025,0,0.47,0.47,4549.2,112.615,367,31.5625,0,1.5,1.5,3904.3,131.227,385.88,32.3175,0,1.19,1.23,59352.4,2.44855,1999.8503,2.07,2.87,105885,0.382379,186.000852,6.5,4.19,37252.6,6.21101,2184.617207,6.39,39.81,107991,0.36439,85.260511,0.56,10.51,10947.8,107.711,498.280892,9.11,10.42,9360.73,125.692,3186.644379,6.7,6.65,4,4096M,4,4096M,10,3950,12,36,475,23,95,4700,10.6,4,2460,74,15,8,7,4,FALSE,TRUE,FALSE,FALSE,FALSE,FALSE,TRUE,TRUE,TRUE,FALSE,TRUE,TRUE,FALSE,UseParallelGC,FALSE,TRUE,FALSE,tfb-qrh-sample,autotune-tfb,kusumach/tfb-qrh:2.9.0.F_mm
44,209237.100816667,87194.30392,2.97796,676.657,2.7077442433037,3.20755949659259,640,711,23722.1,21.5375,185.6,25.71,0,0.6,0.6,43203.3,11.835,247.46,9.4525,0,2.13,2.07,15737.1,32.4625,341.84,34.645,0,0.35,0.3,44470,11.4975,69.73,8.6975,0,1.21,1.22,4575.27,111.99,337.64,24.57,0,2.47,2.48,3918.19,130.8,318.77,25.445,0,1.23,1.22,56559,3.47513,8136.67799,3.28,17.14,102871,0.40641,2691.622099,14.74,8.1,37690.8,16.5087,4814.319005,0.53,48.04,105756,0.39222,197.129242,4.03,14.43,11004,108.139,1944.163944,17.73,10.89,9422.1,126.911,4325.824912,5.77,4.72,4,4096M,4,4096M,7,2250,9,25,485,10,120,1950,9.6,3,3940,64,17,6,10,3,FALSE,TRUE,FALSE,FALSE,TRUE,FALSE,FALSE,TRUE,FALSE,TRUE,TRUE,FALSE,FALSE,UseParallelGC,FALSE,TRUE,FALSE,tfb-qrh-sample,autotune-tfb,kusumach/tfb-qrh:2.9.0.F_mm
28,209106.958448333,87239.4468,2.99919,681.998,2.76667077276296,3.20912297798519,652,714,24743.6,20.665,220.2,24.09,0,0.56,0.5,43807.8,11.6675,65.27,9.3075,0,0.84,0.81,15236.5,33.54,329.25,34.16,0,2.02,2.05,45046.9,11.345,62.13,8.43,0,1.38,1.37,4614.36,111.037,369.1,33.25,0,1.3,1.25,3903.4,131.33,379.58,34.5175,0,1.44,1.45,59079.6,2.50241,2188.499562,4.63,32.35,103909,0.410327,238.770633,3.23,30.86,36544.3,6.99865,2669.08051,9.34,25.18,107027,0.385961,105.085399,9.55,0.39,11096,106.344,614.252215,8.58,15.71,9367.53,125.941,2699.192339,8.92,5.07,4,4096M,4,4096M,4,9200,11,41,400,34,150,4500,13.4,2,3120,170,11,5,10,3,FALSE,TRUE,FALSE,FALSE,FALSE,FALSE,TRUE,TRUE,TRUE,FALSE,TRUE,TRUE,FALSE,UseParallelGC,FALSE,FALSE,FALSE,tfb-qrh-sample,autotune-tfb,kusumach/tfb-qrh:2.9.0.F_mm
36,208742.355431667,86980.2695766667,3.00963,816.751,2.70931409502222,3.20498699761482,726,873,24993.6,20.45,177.21,24.23,0,2.01,2.04,42811,11.9475,83.36,10.3025,0,4.65,4.65,15021.4,34.04,343.93,34.755,0,1.32,1.27,43827.7,11.6675,66.58,9.505,0,3.67,3.66,4683.2,109.395,392.17,35.1425,0,1.12,1.19,3882.72,131.913,377.49,37.3625,0,0.63,0.62,59758.9,2.35489,1798.470943,13.14,44.23,102067,0.412922,284.370226,32.35,40.8,36034,5.88725,7598.929048,8.63,31.29,104308,0.403634,77.708348,26.35,50.19,11273,107.651,788.142797,8.27,9.79,9325.83,130.45,1277.983829,2.77,6.09,4,4096M,4,4096M,17,1900,12,47,450,25,95,6100,7.2,6,3140,34,14,8,6,4,TRUE,TRUE,FALSE,FALSE,TRUE,FALSE,TRUE,FALSE,TRUE,FALSE,TRUE,TRUE,FALSE,UseParallelGC,FALSE,TRUE,FALSE,tfb-qrh-sample,autotune-tfb,kusumach/tfb-qrh:2.9.0.F_mm
75,208581.133983333,86923.6802766667,2.97172,879.129,2.72085841501852,3.20312360321111,826,920,26305.7,19.4425,268.44,22.3475,0,0.66,0.62,49706.6,10.2875,54,5.585,0,3.21,3.16,16235.2,31.49,322.96,32.26,0,0.75,0.77,51604.9,9.905,63.18,4.7525,0,1.33,1.3,4437.81,115.493,383.78,34.53,0,2.39,2.44,3730.67,137.352,419.43,36.8425,0,2.41,2.55,62975.1,3.43975,1606.046116,0.9,61.92,117810,0.545854,122.81839,23.66,60.55,38934.7,7.81523,2749.998771,3.9,99.39,122756,0.507909,54.378078,4.46,60.04,10691.7,110.503,413.112352,15.64,28.68,8967.6,132.633,2792.757202,15.53,24.51,4,4096M,4,4096M,2,6800,7,39,450,9,95,3200,14.4,2,500,222,18,24,6,1,FALSE,TRUE,FALSE,FALSE,FALSE,TRUE,TRUE,TRUE,TRUE,TRUE,FALSE,TRUE,TRUE,UseParallelGC,TRUE,FALSE,TRUE,tfb-qrh-sample,autotune-tfb,kusumach/tfb-qrh:2.9.0.F_mm
26,208134.542631667,87038.7383983333,3.00628,732.848,2.71718829271111,3.20639088934815,709,775,24536.3,20.8325,175.11,24.72,0,1.17,1.24,43983.9,11.6225,65.54,9.625,0,0.76,0.79,15142.5,33.74,379.58,34.3475,0,2.33,2.38,45117.3,10.15,55.57,8.8925,0,1.21,36.81,4617.61,110.945,394.26,33.87,0,0.33,0.27,3892.88,131.645,383.78,35.3475,0,0.29,0.3,58542.3,2.60593,2196.97606,7.21,8.71,104525,0.461649,96.788203,3.13,24.14,36319.1,6.90173,3318.360965,5.48,27.35,107160,0.429564,188.883593,1.93,20.88,11099.8,106.056,865.491427,0.89,0.86,9298.73,126.617,3406.834796,0.73,5.98,4,4096M,4,4096M,2,6700,10,42,430,21,160,5800,12.8,1,2940,146,13,5,9,3,FALSE,TRUE,FALSE,FALSE,FALSE,FALSE,TRUE,TRUE,TRUE,FALSE,TRUE,TRUE,FALSE,UseParallelGC,FALSE,TRUE,FALSE,tfb-qrh-sample,autotune-tfb,kusumach/tfb-qrh:2.9.0.F_mm
37,207450.502248333,86607.8151666667,2.99844,700.11,2.78056000746667,3.20721949078148,681,758,23092.5,22.1275,189.79,26.4975,0,0.54,0.64,41676.2,12.265,62.13,10.595,0,0.54,0.55,15624.8,32.6875,333.45,33.6975,0,0.59,0.59,42827.9,11.9375,64.23,9.9275,0,1.72,1.73,4620.27,110.868,318.77,22.3125,0,2.09,2.1,3901.35,131.408,524.29,23.3875,0,3.38,3.42,55179.3,4.46356,2200.515805,4.04,54.77,98909.9,0.465859,2728.920427,3.5,7.16,37415.8,22.7354,4598.367758,0.51,37.69,101536,0.439004,659.442451,8.98,13.21,11102.8,106.38,1172.985225,14.5,16.35,9353.33,126.423,1849.440237,20.5,21.61,4,4096M,4,4096M,5,7100,10,22,470,38,135,6950,12.8,2,3740,164,14,3,9,2,FALSE,FALSE,FALSE,FALSE,FALSE,FALSE,FALSE,FALSE,TRUE,FALSE,TRUE,FALSE,FALSE,UseParallelGC,TRUE,TRUE,FALSE,tfb-qrh-sample,autotune-tfb,kusumach/tfb-qrh:2.9.0.F_mm
33,207147.626525,86400.6613966667,3.00382,693.106,2.8176388338963,3.20698467304815,665,716,23993.6,21.3,185.6,25.8525,0,2.71,2.64,42566.7,12.01,80.74,10.925,0,1,1,15237.2,33.555,333.45,35.1875,0,2.94,2.96,43902.6,11.645,66.06,10.2175,0,0.99,0.96,4545.73,112.685,392.17,30.53,0,0.84,0.75,3891.51,131.697,375.39,31.34,0,0.7,0.71,57346.8,2.85883,2391.986668,18.25,42.5,101090,0.439082,187.09108,6.79,2.36,36513.3,7.363,3186.007563,20.52,43.56,104525,0.413609,497.204628,5.29,56.41,10932.5,107.924,602.567441,2.19,4.75,9340.65,125.709,3939.223717,4.35,2.6,4,4096M,4,4096M,3,6650,12,34,495,24,100,3750,9.1,5,1420,26,10,16,9,4,FALSE,TRUE,TRUE,FALSE,FALSE,FALSE,TRUE,TRUE,TRUE,TRUE,TRUE,TRUE,FALSE,UseParallelGC,FALSE,TRUE,FALSE,tfb-qrh-sample,autotune-tfb,kusumach/tfb-qrh:2.9.0.F_mm
48,207019.027323333,86638.1484783333,2.99479,849.811,2.80655237248889,3.20177018616667,816,872,27953.5,18.29,249.56,20.985,0,0.85,0.83,52497.1,9.735,170.92,5.245,0,1.33,1.3,15752.1,32.475,352.32,33.0475,0,3.99,3.93,54799.7,9.325,56.62,4.105,0,1.38,1.41,4366.37,117.345,467.66,42.0025,0,0.83,0.83,3666.84,139.733,411.04,42.9925,0,0.51,0.52,66856.2,2.62307,1383.154582,4.24,42.01,124814,0.51954,179.808589,3.24,50.26,37776.9,7.9399,2655.134994,24.37,65.89,129931,0.489374,61.312247,10.85,32.59,10482.3,112.458,676.955873,2.72,5.42,8747.98,134.267,2991.570707,2.55,2.36,4,4096M,4,4096M,17,7950,10,60,345,50,65,5450,10.8,1,1720,162,20,4,6,1,FALSE,TRUE,TRUE,FALSE,FALSE,FALSE,TRUE,TRUE,TRUE,FALSE,TRUE,FALSE,TRUE,UseParallelGC,FALSE,FALSE,TRUE,tfb-qrh-sample,autotune-tfb,kusumach/tfb-qrh:2.9.0.F_mm
34,206600.890916667,86306.737175,2.9906,773.68,2.8223495065,3.20545071474815,750,799,24839.6,20.585,109.58,24.3325,0,1.35,1.34,43907.8,11.6425,65.54,9.6825,0,0.86,0.84,15082.3,33.8975,335.54,34.8075,0,1.97,2.01,45001,11.36,74.45,8.99,0,1.73,1.79,4565.45,112.215,396.36,36.765,0,0.83,0.79,3842.5,133.345,398.46,38.1,0,0.78,0.75,59470.2,2.37204,1898.345065,7.32,21.29,104170,0.386783,194.214142,6.38,6.27,36172.8,6.10109,3357.15016,9.63,26.26,106952,0.371682,94.757308,13.04,10.96,10964.5,107.5,685.324891,0.38,1.34,9198,128.139,2999.160393,1.37,0.94,4,4096M,4,4096M,21,9300,11,49,380,41,155,2650,14.6,4,3200,130,3,12,7,4,FALSE,TRUE,FALSE,FALSE,FALSE,FALSE,TRUE,TRUE,TRUE,FALSE,TRUE,TRUE,FALSE,UseParallelGC,FALSE,FALSE,FALSE,tfb-qrh-sample,autotune-tfb,kusumach/tfb-qrh:2.9.0.F_mm
18,205628.276083333,85509.88793,3.01884,838.573,2.77677601323704,3.20567655677407,795,931,23710.4,21.545,193.99,25.805,0,1.22,1.12,42833.6,11.935,66.85,10.22,0,1,1,15380.4,33.215,339.74,34.945,0,0.91,0.96,43873.6,11.6525,68.68,9.6075,0,0.6,0.65,4466.16,114.692,335.54,28.745,0,1,1.06,3833.46,133.7,478.15,30.25,0,1.69,1.66,56719.3,2.99146,4765.617109,8.97,28.3,101931,0.422018,2656.378482,7.92,5.68,36907.1,8.99144,4084.416976,3.22,32.43,104193,0.403849,212.869,1.85,31.2,10754.4,110.586,3399.688636,6.7,9.8,9244.9,128.11,2193.435674,8.77,11.45,4,4096M,4,4096M,10,5700,7,29,445,19,185,4300,13.4,3,3900,84,13,13,8,2,FALSE,TRUE,FALSE,FALSE,TRUE,TRUE,FALSE,FALSE,TRUE,FALSE,FALSE,FALSE,FALSE,UseParallelGC,FALSE,TRUE,FALSE,tfb-qrh-sample,autotune-tfb,kusumach/tfb-qrh:2.9.0.F_mm
72,205173.497431667,85702.1785666667,2.98066,923.981,2.76810899003333,3.20555912195556,878,960,27852.4,18.36,274.73,20.855,0,0.66,0.62,52501.1,9.735,83.36,4.63,0,0.52,0.56,15487,33.0675,333.45,33.155,0,6.48,6.57,54102.6,9.445,80.74,4.225,0,0.41,0.4,4286.91,119.497,473.96,42.0425,0,1.44,1.46,3629.95,141.178,402.65,42.3275,0,1.89,1.89,66615.1,2.606,2449.651796,2.85,45.62,123983,0.463949,981.584812,5.21,46.54,37062.8,7.23253,3909.779596,38.98,30.87,128544,0.478764,316.199164,0.37,49.73,10304.2,114.446,2685.223856,8.64,8.35,8706.83,134.62,3891.568482,10.92,8.68,4,4096M,4,4096M,1,9800,12,56,450,38,200,5400,10.5,6,1860,238,15,10,5,3,FALSE,TRUE,FALSE,FALSE,TRUE,FALSE,FALSE,FALSE,TRUE,TRUE,TRUE,FALSE,TRUE,UseParallelGC,TRUE,FALSE,TRUE,tfb-qrh-sample,autotune-tfb,kusumach/tfb-qrh:2.9.0.F_mm
31,204776.07481,85332.455865,2.97338,810.032,2.7239757999037,3.20585977072593,738,871,24131.9,21.18,274.73,25.485,0,0.9,0.83,42954.1,11.9025,70.25,10.465,0,0.19,0.13,15222.8,33.595,318.77,34.9925,0,1.11,1.12,44135.8,11.5825,217.06,9.9175,0,0.73,0.69,4496.84,113.932,406.85,34.425,0,3.81,3.76,3804.43,134.71,413.14,36.59,0,3.61,3.61,57743.3,2.70342,22441.509157,6.01,34.88,102105,0.437031,10477.981461,1.25,16.71,36548.4,6.9601,5132.253033,5.58,20.16,104813,0.427321,222.775015,2.8,13.24,10811.1,109.182,1029.926467,24.5,21.28,9143.42,130.113,2896.839515,23.86,26.35,4,4096M,4,4096M,8,7100,9,40,480,33,175,5100,7.3,2,2140,90,12,5,9,3,FALSE,TRUE,FALSE,FALSE,TRUE,TRUE,FALSE,TRUE,FALSE,FALSE,TRUE,FALSE,TRUE,UseParallelGC,TRUE,TRUE,FALSE,tfb-qrh-sample,autotune-tfb,kusumach/tfb-qrh:2.9.0.F_mm
21,204445.445901667,85236.052375,2.97543,855.023,2.76101359707407,3.18540755758889,796,931,23486.3,21.7525,314.57,26.1775,0,0.69,0.78,42337.7,12.08,208.67,10.45,0,2.22,2.28,15719.3,32.495,327.16,33.7,0,0.63,0.67,43768,11.6825,68.68,9.42,0,2.68,2.72,4652.48,110.09,390.07,24.115,0,0.33,0.32,3743.15,136.97,662.7,28.48,0,4.73,4.86,56213.4,4.80691,2407.329351,5.03,46.49,100685,0.508252,7426.800625,16.09,10.57,37661.4,23.1807,4504.596195,6.41,24.6,103967,0.456431,896.298698,20.55,12.65,11192.5,105.864,1272.394672,2.51,6.82,8988.37,131.818,1840.114662,29.12,26.16,4,4096M,4,4096M,2,5200,7,21,420,18,120,7700,14,1,4360,84,8,22,8,2,FALSE,TRUE,FALSE,FALSE,TRUE,TRUE,FALSE,FALSE,TRUE,FALSE,FALSE,FALSE,FALSE,UseParallelGC,FALSE,TRUE,FALSE,tfb-qrh-sample,autotune-tfb,kusumach/tfb-qrh:2.9.0.F_mm
66,201820.095556667,84254.7998816667,2.99854,1374.84,2.7878604944963,3.20273313805185,1207,1454,24261.9,21.0575,295.7,24.925,0,0.67,0.66,45879.8,11.145,69.73,8.285,0,4.16,4.15,16055.4,31.8175,337.64,32.485,0,1.39,1.35,47149,10.845,144.7,7.675,0,3.56,3.57,4340.84,118.042,325.06,22.275,0,2.52,2.52,3656.53,140.175,322.96,23.14,0,2.49,2.47,57829.2,6.60459,2029.35143,2.82,117.22,109094,0.70179,194.927825,27.48,2.12,38434.7,23.0636,7097.326465,7.64,14.56,112248,0.666738,139.305786,25.62,21.46,10433.1,114.208,480.242377,17.24,13.22,8769.58,136.249,1292.934752,13.2,9.78,4,4096M,4,4096M,13,9800,12,20,435,35,185,4350,12.3,2,4480,228,20,7,2,1,FALSE,TRUE,FALSE,TRUE,FALSE,FALSE,TRUE,TRUE,TRUE,TRUE,TRUE,FALSE,TRUE,UseParallelGC,TRUE,FALSE,TRUE,tfb-qrh-sample,autotune-tfb,kusumach/tfb-qrh:2.9.0.F_mm
13,201674.416076667,84062.477445,2.99605,837.045,2.79416044076667,3.21071698946296,801,886,23662.5,21.6025,180.36,25.895,0,0.8,0.78,41916.9,12.1975,246.42,11.0475,0,2.26,2.28,14881.9,34.355,341.84,35.3875,0,2.87,2.85,43393.6,11.78,78.12,10.1,0,1.88,1.88,4464.7,114.658,402.65,35.3475,0,0.34,0.52,3752.39,136.5,463.47,37.3025,0,0.76,0.67,56707.6,2.74012,6024.643475,3.57,27.38,99716.6,0.443434,2000.676109,15.73,20.5,35666,6.44504,3292.384706,15.71,32.64,103237,0.407998,301.296557,14.81,48.12,10738.2,110.351,2297.399762,2.94,6.48,9012.02,131.525,3307.469074,3.93,4.06,4,4096M,4,4096M,7,6750,9,42,445,21,175,4650,3.5,7,4620,144,11,8,8,3,FALSE,TRUE,FALSE,FALSE,TRUE,TRUE,FALSE,FALSE,TRUE,TRUE,TRUE,FALSE,TRUE,UseParallelGC,FALSE,TRUE,FALSE,tfb-qrh-sample,autotune-tfb,kusumach/tfb-qrh:2.9.0.F_mm
22,200696.544518333,83716.720005,3.01546,803.142,2.81368537562222,3.20796265090741,744,850,24182.9,21.1375,289.41,25.04,0,2.28,2.3,42534.3,12.0225,66.32,10.275,0,3.14,3.16,14935.2,34.2225,322.96,35.2325,0,0.98,1.02,43500.6,11.7525,223.35,9.585,0,1.56,1.54,4654.42,110.04,408.94,33.16,0,1.58,1.6,3636.01,141.153,436.21,38.5325,0,6.83,6.96,57837.8,2.64788,2405.756682,17.68,9.32,100850,0.452378,211.880394,23.48,15.98,35876.3,7.11832,4097.08486,3.81,12.82,103328,0.45807,58.716096,8.1,51.66,11210,105.273,1081.387919,10.8,10.51,8718.07,134.867,2395.761447,29.51,19.69,4,4096M,4,4096M,3,7650,2,40,385,21,100,7450,13.8,2,4380,56,7,5,9,3,FALSE,TRUE,FALSE,FALSE,FALSE,TRUE,TRUE,FALSE,TRUE,FALSE,FALSE,FALSE,FALSE,UseParallelGC,TRUE,TRUE,FALSE,tfb-qrh-sample,autotune-tfb,kusumach/tfb-qrh:2.9.0.F_mm
54,198187.340081667,82733.5030783333,2.98941,721.739,2.75834647967778,3.20379969793333,694,741,28292.1,18.0775,224.4,20.66,0,1.81,1.81,53832.7,9.495,69.21,4.62,0,2.25,2.25,14084.5,36.3425,333.45,35.5175,0,5.16,5.16,55253.4,9.25,84.93,3.9925,0,3.29,3.3,4225.31,121.272,507.51,44.195,0,1.01,0.94,3439.24,149.373,501.22,46.66,0,8.56,9.01,67706.3,2.63327,1421.255438,10.37,33.15,127905,0.472912,117.859747,16.92,5.13,34020,10.0357,3682.52417,26.73,17.11,131133,0.47728,75.183185,18.99,7.06,10141.8,115.746,887.519411,4.3,0.36,8235.53,142.639,3102.59847,33.22,35.16,4,4096M,4,4096M,12,7400,9,63,460,30,185,6800,13.7,4,1800,198,0,12,10,1,FALSE,TRUE,FALSE,FALSE,FALSE,FALSE,TRUE,TRUE,TRUE,FALSE,FALSE,FALSE,TRUE,UseParallelGC,FALSE,FALSE,TRUE,tfb-qrh-sample,autotune-tfb,kusumach/tfb-qrh:2.9.0.F_mm
71,196548.209723333,81971.681775,3.00111,1373.61,2.81610184405926,3.20885303074444,1188,1650,25116.8,20.365,149.95,23.335,0,0.95,0.97,48634.7,10.515,57.67,6.77,0,2,1.94,14824.9,34.5025,346.03,34.26,0,0.82,0.85,50291.9,10.1625,61.08,6.0275,0,1.72,1.73,4178.99,122.68,400.56,38.79,0,1.1,1.09,3511.5,145.968,436.21,39.735,0,0.74,0.75,60126.1,3.7343,1130.456999,4.02,59.4,115304,0.620318,86.505491,11.72,40.18,35531.2,11.2745,2320.384868,4.85,121.45,119094,0.568219,53.814256,8.73,74.24,10048.1,118.112,557.812101,5.51,3.88,8436.98,140.57,3491.595745,5.2,2.99,4,4096M,4,4096M,32,6550,8,44,470,22,25,3550,6.3,5,3420,70,2,17,2,4,FALSE,TRUE,FALSE,FALSE,TRUE,FALSE,TRUE,FALSE,FALSE,TRUE,TRUE,TRUE,TRUE,UseG1GC,TRUE,TRUE,TRUE,tfb-qrh-sample,autotune-tfb,kusumach/tfb-qrh:2.9.0.F_mm
17,195083.49261,81300.072945,3.00135,794.617,2.75353726835185,3.2085343616,758,857,22946.5,22.28,283.12,26.42,0,1.57,1.56,41048.4,12.455,75.5,10.93,0,1.53,1.53,14831.4,34.4525,299.89,35.14,0,0.44,0.42,41936.8,12.19,217.06,10.26,0,0.24,0.24,4278.85,119.743,402.65,33.9575,0,2.73,2.74,3606.44,142.155,767.56,35.87,0,2.91,2.88,54928.8,2.842,2289.624385,10.02,17.09,97457.2,0.450157,3751.818011,10.3,6.57,35495.9,6.63847,4775.314579,0.15,21.86,99519.8,0.419562,755.026649,2.7,12.54,10295.2,114.113,1379.301981,18.31,16.91,8671.72,135.989,3108.483204,18.8,15.59,4,4096M,4,4096M,11,4800,8,35,425,11,200,8400,10.6,6,4040,130,8,19,8,3,FALSE,TRUE,FALSE,FALSE,TRUE,TRUE,FALSE,FALSE,TRUE,FALSE,TRUE,FALSE,FALSE,UseParallelGC,FALSE,TRUE,FALSE,tfb-qrh-sample,autotune-tfb,kusumach/tfb-qrh:2.9.0.F_mm
89,194716.942491667,81287.2324166667,2.69975,1567.58,2.47995343704445,2.94120593287037,1145,1822,29607.4,17.265,170.92,20.245,0,1.71,1.74,53057,9.6325,52.95,4.4625,0,1.36,1.38,18503.6,27.6175,320.86,26.8825,0,0.13,0.2,55439.3,9.22,213.91,3.885,0,1.39,1.35,3785.47,135.382,387.97,22.6525,0,1.12,1.12,3166.15,161.915,358.61,24.5075,0,1.21,1.22,70409.9,9.85147,1855.469055,4.82,136.45,126126,0.461797,75.072493,8.42,81.66,44240,23.0619,1901.548219,1.14,4.76,131293,0.446493,419.129324,11.37,9.73,9114.22,130.997,386.112507,6.67,2.12,7605.25,156.728,1216.9972,6.04,0.12,4,4096M,4,4096M,7,9000,6,16,420,17,125,4750,12.1,6,1800,206,18,3,1,1,FALSE,FALSE,FALSE,FALSE,TRUE,FALSE,TRUE,TRUE,TRUE,TRUE,FALSE,TRUE,TRUE,UseParallelGC,TRUE,FALSE,TRUE,tfb-qrh-sample,autotune-tfb,kusumach/tfb-qrh:2.9.0.F_mm
15,192752.971076667,80332.5730383333,3.00525,1253.33,2.78871774900741,3.20811978601111,1220,1283,24156.3,21.175,195.04,25.465,0,2.67,2.68,42503.9,12.0275,249.56,10.6375,0,0.73,0.77,14173.3,36.07,337.64,36.585,0,2.67,2.66,43137.1,11.8475,224.4,10.4,0,0.97,0.94,4171.24,122.923,599.79,43.7825,0,4.3,4.29,3540.11,144.852,494.93,44.53,0,3.28,3.29,57915.4,2.37515,4670.472543,16.46,42.73,101066,0.439273,1376.373123,5.18,28.75,34034.9,6.3902,4140.158208,15.06,41.94,102384,0.420158,362.208147,0.66,11.38,10036.1,117.896,3975.012018,27.58,34.23,8501.22,138.939,2919.824369,22.93,24.74,4,4096M,4,4096M,5,5050,10,60,495,33,145,3600,2.8,3,2860,176,15,12,3,4,FALSE,FALSE,FALSE,FALSE,TRUE,TRUE,FALSE,FALSE,TRUE,TRUE,TRUE,FALSE,TRUE,UseParallelGC,FALSE,FALSE,FALSE,tfb-qrh-sample,autotune-tfb,kusumach/tfb-qrh:2.9.0.F_mm
6,191427.60589,79901.1285283333,3.00829,875.175,2.75395188361482,3.20816254008148,822,936,23951.4,21.3475,268.44,25.525,0,0.73,0.69,42753.4,11.9575,64.23,10.4125,0,0.42,0.48,14407.9,35.5375,339.74,36.255,0,5.68,5.54,44126.3,11.585,79.69,9.73,0,0.51,0.56,4152.41,123.398,490.73,43.385,0,0.24,0.26,3493.44,146.748,478.15,44.77,0,0.38,0.38,57392.7,2.54404,6304.843559,1.74,1.6,101787,0.432054,1882.777829,2.55,39.58,34401.3,7.31898,3793.550429,29.87,91.38,104690,0.406605,303.690079,2.08,3.12,9976.53,118.716,5495.886725,0.51,6.68,8379.23,141.175,3716.993395,0.83,5.37,4,4096M,4,4096M,2,5300,11,57,465,31,140,5950,3.3,5,3420,116,14,8,8,3,FALSE,FALSE,FALSE,FALSE,TRUE,TRUE,FALSE,FALSE,TRUE,TRUE,TRUE,FALSE,TRUE,UseParallelGC,FALSE,FALSE,FALSE,tfb-qrh-sample,autotune-tfb,kusumach/tfb-qrh:2.9.0.F_mm
43,191410.500318333,79868.656445,2.99702,1683.04,2.74553286247407,3.2061227114037,1467,1856,25068.8,20.4025,161.48,23.25,0,0.89,0.92,48160.4,10.6125,63.18,6.7975,0,1.71,1.73,14865.3,34.4025,394.26,34.115,0,0.94,1.02,50137.7,10.195,59.77,5.95,0,0.96,1.01,4037.36,126.96,476.05,41.91,0,0.39,0.37,3378.09,151.74,471.86,43.395,0,0.88,0.89,60060.3,3.80649,1606.43442,6.51,22.49,114447,0.674108,175.099549,12.98,3.96,35599.6,10.4472,3270.031742,1.35,19.04,119246,0.65221,55.906669,6.81,36.03,9688.62,122.468,715.188179,0.61,1.3,8110.17,144.556,2896.293766,0.59,5.76,4,4096M,4,4096M,12,8450,12,50,450,47,115,5600,11.1,3,2840,62,16,3,8,0,FALSE,TRUE,FALSE,FALSE,FALSE,FALSE,TRUE,TRUE,TRUE,TRUE,FALSE,FALSE,TRUE,UseG1GC,FALSE,FALSE,TRUE,tfb-qrh-sample,autotune-tfb,kusumach/tfb-qrh:2.9.0.F_mm
30,189690.740318333,79067.603805,2.98422,1932.66,2.73744058599259,3.2112799927,1607,2420,21368.3,23.9025,478.15,28.73,0,1.06,1.06,38550.4,13.2625,211.81,12.7575,0,1.3,1.3,14245.1,35.865,394.26,36.235,0,2.49,2.49,39976.3,12.7875,69.73,12.015,0,1.98,2.02,4201.27,121.95,367,25.915,0,2.71,2.69,3551.46,144.365,381.68,27.2525,0,2.38,2.39,51071.1,6.06121,6081.29206,6.3,67,91619.6,0.662692,2590.996804,9.72,83.86,33916.1,24.2469,5445.993713,13.24,6.61,94830.5,0.595537,387.210242,13.43,101.79,10101.7,117.157,2334.598102,19.28,25.62,8548.77,139.433,4304.068475,17.77,16.44,4,4096M,4,4096M,4,3150,5,23,475,39,95,3950,13.2,2,4000,114,9,5,10,4,FALSE,TRUE,FALSE,FALSE,FALSE,FALSE,FALSE,TRUE,FALSE,FALSE,TRUE,FALSE,FALSE,UseG1GC,FALSE,TRUE,FALSE,tfb-qrh-sample,autotune-tfb,kusumach/tfb-qrh:2.9.0.F_mm
69,189499.406123333,79026.1523333333,2.98953,986.49,2.82826703918518,3.20963683579259,918,1057,24366.5,20.9875,210.76,24.5625,0,0.61,0.59,45745,11.175,68.16,8.4275,0,1.36,1.38,14809.2,34.5475,297.8,34.53,0,2.09,2.04,47213,10.83,64.49,7.4175,0,3,2.95,4012.34,127.745,501.22,37.8075,0,2.11,2.04,3375.6,151.843,612.37,39.21,0,2.31,2.34,58360.1,4.04115,1182.39741,0.85,10.1,108522,0.76195,185.572454,1.93,23.95,35450.5,11.3961,6498.585899,13,131.43,112599,0.720944,123.646203,18.81,81.53,9655.67,123.729,506.848483,14.27,20.55,8107.53,146.064,2293.552333,13.7,14.44,4,4096M,4,4096M,22,3550,12,38,490,39,50,2850,11.1,5,3480,74,8,4,6,4,FALSE,TRUE,FALSE,TRUE,TRUE,TRUE,TRUE,TRUE,FALSE,TRUE,TRUE,TRUE,FALSE,UseParallelGC,TRUE,TRUE,TRUE,tfb-qrh-sample,autotune-tfb,kusumach/tfb-qrh:2.9.0.F_mm
20,188773.637873333,78556.8126883333,2.98409,995.886,2.74108214810741,3.21227710422963,952,1035,21248.4,24.055,189.79,28.2825,0,0.33,0.27,36491.4,14.0125,253.76,13.65,0,1.09,1.11,13989.3,36.535,396.36,37.7625,0,3.09,3.07,37507.9,13.63,79.17,13.035,0,0.88,0.88,4138.63,123.81,387.97,31.51,0,0.61,0.6,3580.86,143.148,402.65,31.935,0,0.84,0.85,50889.4,3.31289,1903.412743,2,4.8,87117,0.580468,997.434178,4.82,7.3,33520.9,10.8765,5000.145782,19.81,261.5,89359,0.55565,296.588071,5.86,2.29,9964.45,120.832,507.706314,1.35,2.82,8619.03,138.514,2497.357663,0.97,1.66,4,4096M,4,4096M,18,3950,10,29,490,20,180,5450,1.1,6,4760,194,17,15,6,3,FALSE,TRUE,FALSE,TRUE,FALSE,TRUE,TRUE,FALSE,TRUE,TRUE,TRUE,FALSE,TRUE,UseParallelGC,FALSE,TRUE,FALSE,tfb-qrh-sample,autotune-tfb,kusumach/tfb-qrh:2.9.0.F_mm
2,188236.247676667,78265.4511266667,3.00313,2969.9,2.82139169019259,3.21188676501111,2776,3120,21476.6,23.795,213.91,28.0675,0,1.35,1.34,38342.4,13.3375,213.91,12.9575,0,1.93,1.96,13723.3,37.25,383.78,38.205,0,2.41,2.4,39580.2,12.9175,68.68,12.0725,0,1.46,1.43,4188.04,122.4,478.15,33.4025,0,1.24,1.26,3517.62,145.752,406.85,34.625,0,1.84,1.86,51355.4,3.53727,2721.927195,6.42,6.49,91340.4,0.613595,288.105074,4.25,20.33,32905.8,11.5003,3083.552323,14.86,31.3,94031.8,0.571515,74.779636,0.72,52.17,10087.9,117.273,805.454049,8.23,12.37,8484.52,139.015,2295.188478,8.57,11.51,4,4096M,4,4096M,17,550,5,30,415,43,75,7900,10.8,3,3140,114,15,10,8,4,FALSE,TRUE,TRUE,FALSE,FALSE,TRUE,TRUE,FALSE,FALSE,TRUE,TRUE,FALSE,FALSE,UseG1GC,TRUE,TRUE,FALSE,tfb-qrh-sample,autotune-tfb,kusumach/tfb-qrh:2.9.0.F_mm
16,187943.155675,78362.3879883333,3.00382,2441.51,2.77001619670741,3.20740938894815,2366,2497,23756.4,21.5325,107.48,25.1375,0,1.21,1.18,46350.2,11.025,243.27,8.2275,0,0.42,0.36,14304.9,35.7575,299.89,35.16,0,0.86,0.79,48584.1,10.52,63.44,7.18,0,1.35,1.34,3963.26,129.315,396.36,37.645,0,1.6,1.6,3366.41,152.248,402.65,38.2225,0,1.17,1.18,56787.9,4.98071,5404.341852,6.96,10.86,109914,0.731257,1196.98249,4.5,40.16,34300.8,13.0623,2850.486871,4.73,18.52,115561,0.739243,402.570882,3.4,10.01,9526.87,124.604,2569.96985,10.52,13.27,8093,145.63,3172.88699,7.75,9.13,4,4096M,4,4096M,5,5100,10,37,435,18,195,4200,5.8,7,2480,164,12,16,10,3,FALSE,TRUE,FALSE,FALSE,TRUE,FALSE,FALSE,FALSE,TRUE,TRUE,TRUE,TRUE,TRUE,UseG1GC,FALSE,TRUE,TRUE,tfb-qrh-sample,autotune-tfb,kusumach/tfb-qrh:2.9.0.F_mm
67,184046.596326667,76892.7439716667,2.99,738.254,2.84868203263333,3.21042070651111,668,782,23440.7,21.8175,178.26,25.45,0,1.61,1.58,44576.5,11.47,69.73,9.32,0,3.07,3.05,14470,35.355,295.7,34.975,0,1.96,1.98,46100.6,11.0925,71.83,8.325,0,3.69,3.7,3910.62,131.032,490.73,38.5575,0,1.11,1.19,3284.21,156.113,411.04,39.475,0,1.55,1.56,56101.2,5.00477,1658.087612,9.35,82.51,105922,0.790001,100.824075,19.05,24.74,34589.7,12.7852,6603.042593,14.3,49.42,109982,0.82708,120.092946,22.11,104.16,9402.08,125.966,712.156396,7.43,5.24,7862.62,150.722,2407.352304,9.05,10.89,4,4096M,4,4096M,11,8900,10,38,450,50,130,4750,12.3,6,2440,178,10,5,10,3,FALSE,TRUE,FALSE,TRUE,TRUE,FALSE,TRUE,TRUE,TRUE,TRUE,TRUE,FALSE,TRUE,UseParallelGC,TRUE,FALSE,TRUE,tfb-qrh-sample,autotune-tfb,kusumach/tfb-qrh:2.9.0.F_mm
29,181622.674866667,75964.6365516667,2.75457,674.457,2.54558769533333,2.94710726962222,638,708,25013.8,20.4275,186.65,23.9175,0,1.23,1.17,42869,11.925,219.15,10.195,0,1.19,1.24,16254.7,31.43,327.16,28.965,0,0.97,0.98,44211.3,11.565,72.88,9.525,0,1.45,1.43,3725.32,137.575,375.39,23.2,0,1.54,1.55,3144.77,163.015,425.72,25.0875,0,0.6,0.62,59471.6,15.2583,4561.655613,5.73,5.73,101966,0.499098,17013.828902,7.78,48.46,38954.5,27.6568,6060.985688,2.07,25.2,104992,0.462046,279.116582,5.25,45.34,8964.78,132.172,937.475852,9.92,19.95,7512.8,157.889,2366.661369,4.6,1.46,4,4096M,4,4096M,18,6450,11,16,485,17,155,3250,15,1,3200,120,15,4,10,3,FALSE,FALSE,TRUE,FALSE,TRUE,FALSE,FALSE,TRUE,FALSE,FALSE,TRUE,FALSE,TRUE,UseParallelGC,FALSE,TRUE,FALSE,tfb-qrh-sample,autotune-tfb,kusumach/tfb-qrh:2.9.0.F_mm
7,181235.43525,75571.5362583333,3.00369,910.489,2.80798759495185,3.20633962037407,852,942,25138.6,20.4225,179.31,23.91,0,11.58,11.59,46557.4,10.9975,222.3,8.29,0,7.42,7.41,13552,37.9925,343.93,36.2225,0,14.29,14.4,47910.5,10.6725,85.98,7.5425,0,3.53,3.56,3737.76,137.507,704.64,48.5725,0,8.72,8.77,3201.55,160.458,599.79,49.115,0,7.81,7.8,60228.6,4.09751,1241.717716,81.02,174.92,110668,0.806265,94.199383,49.95,249.78,32555,13.2079,4695.327665,97.17,190.97,113988,0.796192,985.934879,24.04,28.66,8999.17,132.967,2097.506357,60.36,52.35,7681.55,154.738,6598.905147,52.16,50.12,4,4096M,4,4096M,31,350,6,62,450,28,155,3700,2.2,3,1080,130,19,3,6,3,FALSE,TRUE,TRUE,TRUE,FALSE,FALSE,TRUE,FALSE,TRUE,FALSE,TRUE,FALSE,FALSE,UseParallelGC,TRUE,TRUE,TRUE,tfb-qrh-sample,autotune-tfb,kusumach/tfb-qrh:2.9.0.F_mm
74,177610.901373333,74181.4794583333,2.6922,670.336,2.39667854324074,2.88012290700741,627,717,25403.7,20.1075,181.4,22.8775,0,1.87,1.92,44239.1,11.56,79.69,9.2575,0,3.75,3.75,16726,30.57,255.85,27.6525,0,4.6,4.38,46087.4,11.095,62.65,8.23,0,3.38,3.31,3510.09,146,352.32,24.155,0,0.66,0.65,2994.2,171.257,360.71,25.275,0,1.43,1.43,60588.9,15.0515,2147.129723,10.31,7.66,104684,0.393376,90.360915,1.62,38.26,40054.4,27.6008,1815.893225,12.16,21.95,109618,0.363875,115.505424,13,41.82,8450.28,140.422,390.912506,3.59,0.53,7179.58,165.635,1407.999995,8.84,15.65,4,4096M,4,4096M,10,8550,12,15,445,44,115,5600,12.1,3,2220,90,15,15,10,0,FALSE,TRUE,FALSE,FALSE,FALSE,FALSE,TRUE,FALSE,TRUE,TRUE,TRUE,TRUE,TRUE,UseParallelGC,FALSE,FALSE,FALSE,tfb-qrh-sample,autotune-tfb,kusumach/tfb-qrh:2.9.0.F_mm
87,171108.118831667,71554.5938333333,2.77028,775.762,2.53195542570741,2.95520824546296,757,803,24953.1,20.505,183.5,22.9225,0,6.49,6.46,46254.7,11.05,68.16,7.875,0,3.62,3.63,15038.6,34.0025,356.52,29.6675,0,5.01,4.94,47839.2,10.6875,247.46,7.17,0,2.04,1.99,3421.96,149.74,390.07,24.5375,0,1.11,1.14,2870.1,178.725,413.14,26.3525,0,1.19,1.2,59268.1,15.213,2913.366809,42.77,86.74,109662,0.75519,3051.702371,23.82,95.51,36022,29.9064,3519.039267,36.05,46.03,113457,0.703213,490.950284,14.72,70.65,8225.63,144.775,2647.830226,5.17,3.05,6872.38,171.796,1554.392461,4.95,0.52,4,4096M,4,4096M,14,9600,9,15,440,36,185,5150,11.5,1,1560,138,15,8,8,0,FALSE,TRUE,FALSE,TRUE,FALSE,FALSE,FALSE,TRUE,TRUE,TRUE,FALSE,FALSE,TRUE,UseParallelGC,FALSE,FALSE,TRUE,tfb-qrh-sample,autotune-tfb,kusumach/tfb-qrh:2.9.0.F_mm
11,170122.473576667,70891.5213,3.00326,2591.74,2.79197819005926,3.21389844655556,1914,2978,21224.2,24.0775,209.72,28.415,0,0.61,0.59,37521.5,13.6275,75.5,13.425,0,2.63,2.62,13776.2,37.085,713.03,37.605,0,1.64,1.65,38645.1,13.2325,221.25,12.4325,0,1.28,1.29,4122.27,124.28,396.36,34.7825,0,2.73,2.68,2908.85,176.32,484.44,42.47,0,2.29,2.37,50678.7,3.37787,1588.355997,5.28,8.98,89298.4,0.609847,197.660002,11.02,65.09,32692.1,9.86282,3695.473569,11.08,75.93,91604.5,0.564659,67.072665,10.21,10.88,9936.55,119.095,991.501439,14.2,19.24,7008.47,169.738,2505.31378,11.14,5.8,4,4096M,4,4096M,16,2050,6,32,380,39,25,8450,14,4,2160,100,12,14,4,2,FALSE,TRUE,TRUE,FALSE,FALSE,TRUE,TRUE,FALSE,FALSE,TRUE,TRUE,FALSE,FALSE,UseG1GC,TRUE,TRUE,FALSE,tfb-qrh-sample,autotune-tfb,kusumach/tfb-qrh:2.9.0.F_mm
8,168136.796365,70060.00983,3.00705,2125.48,2.83448289461481,3.21122816429259,1945,2266,21862.4,23.4,265.29,27.31,0,0.62,0.7,39104.3,13.0825,74.45,12.215,0,3.49,3.47,11219.9,45.865,503.32,42.065,0,13.67,14.29,40076,12.76,251.66,11.725,0,2.79,2.79,3685.69,139.153,612.37,54.4225,0,3.14,3.25,3084.41,166.315,599.79,56.4425,0,2.78,2.77,52333.2,2.85021,5240.328714,5.25,11.2,92715.1,0.527441,2997.695934,22.81,56.33,27169.1,9.8602,9179.516083,71.04,139.42,95192.2,0.489355,465.097635,17.7,21.88,8857.33,133.664,3892.511046,19.41,21.23,7406.28,158.678,6550.815115,17.04,14.91,4,4096M,4,4096M,19,8200,2,79,345,11,190,4600,10.7,6,4260,58,20,14,5,3,FALSE,FALSE,TRUE,FALSE,TRUE,FALSE,FALSE,TRUE,FALSE,FALSE,FALSE,FALSE,TRUE,UseG1GC,TRUE,TRUE,FALSE,tfb-qrh-sample,autotune-tfb,kusumach/tfb-qrh:2.9.0.F_mm
23,166306.106401667,69363.9630483333,2.86538,909.583,2.64135326187037,3.06433507528889,868,977,21053.8,24.27,320.86,27.53,0,1.95,2.02,35244.9,14.51,218.1,15.0375,0,1.57,1.54,13230.4,38.615,346.03,34.6925,0,2.06,2.02,36432.2,14.0325,87.56,14.3725,0,1.22,1.21,3608.75,142.012,417.33,25.2575,0,1.37,1.37,3013.58,170.127,507.51,29.605,0,1.4,1.42,50286.5,18.8496,3018.554658,13.13,14.6,83761.9,0.704059,1271.739886,6.64,33.94,31675.1,34.9183,4104.445126,11.09,0.02,86726.6,0.659906,467.479445,1.83,27.09,8673.3,136.431,725.534876,11.63,6.39,7238.57,162.128,1510.748969,9.15,9.35,4,4096M,4,4096M,4,5550,10,16,435,11,145,6650,11.7,1,4780,82,2,5,7,2,FALSE,FALSE,FALSE,TRUE,TRUE,TRUE,FALSE,FALSE,TRUE,FALSE,FALSE,TRUE,FALSE,UseParallelGC,TRUE,TRUE,FALSE,tfb-qrh-sample,autotune-tfb,kusumach/tfb-qrh:2.9.0.F_mm
88,165079.250381667,68871.90241,2.67976,528.533,2.41283036228519,2.89560674162963,482,551,24550.3,20.8225,304.09,25.29,0,2.79,2.8,53011.4,9.6425,187.7,5.535,0,1.8,1.82,12754.3,40.2375,369.1,40.3225,0,11.07,11.87,55132.7,9.27,193.99,4.7775,0,1.23,1.22,3350.65,153.153,503.32,43.535,0,5.31,5.49,2687.57,191.177,574.62,52.7575,0,6.31,6.58,58505.5,13.8403,1252.337678,9.29,3.66,126267,0.91689,181.374939,9.78,59.63,30669.8,35.408,2191.105163,50.19,57.95,130954,0.853219,187.401974,10.16,61.33,8080.45,147.301,643.869643,20.97,20.67,6443.38,184.054,1474.81306,21.04,8.53,4,4096M,4,4096M,6,9750,12,17,460,11,30,6500,5.2,2,2120,228,14,7,2,0,FALSE,TRUE,FALSE,FALSE,FALSE,TRUE,TRUE,TRUE,TRUE,TRUE,TRUE,TRUE,TRUE,UseSerialGC,TRUE,FALSE,TRUE,tfb-qrh-sample,autotune-tfb,kusumach/tfb-qrh:2.9.0.F_mm
19,162575.90835,67919.7966166667,2.59179,799.849,2.36684170414444,2.79221870553333,734,835,25844.1,19.7725,201.33,20.5025,0,0.28,0.2,43346.8,11.7925,66.32,9.77,0,0.59,0.54,16773.6,30.47,408.94,25.6925,0,0.64,0.56,44401.3,11.5125,210.76,8.93,0,0.47,0.46,3062.96,167.39,440.4,26.805,0,0.77,0.79,2589.9,198.097,562.04,28.0425,0,1.78,1.79,61404.1,16.2992,4109.571228,2.66,9.79,102662,0.429433,1685.431006,0.71,7.84,40172.2,28.4631,1967.10874,1.57,4.01,105617,0.397864,292.780126,2.01,56.25,7381.17,161.386,804.678212,6.81,7.39,6211.45,191.08,1437.686383,5.55,0.58,4,4096M,4,4096M,13,7450,9,13,395,23,195,2900,9,2,3420,92,19,23,6,2,FALSE,FALSE,FALSE,FALSE,TRUE,FALSE,FALSE,FALSE,TRUE,TRUE,FALSE,FALSE,TRUE,UseParallelGC,FALSE,TRUE,FALSE,tfb-qrh-sample,autotune-tfb,kusumach/tfb-qrh:2.9.0.F_mm
64,161284.867116667,67149.9781083333,2.98364,561.582,2.80587310151481,3.20368991415556,516,592,22661.9,22.545,124.26,24.6175,0,1.31,1.25,48486.3,10.5425,65.8,6.5875,0,1.14,1.14,11962.9,42.8,905.97,39.28,0,6.63,6.9,50643.9,10.0925,133.69,5.66,0,1.53,1.56,3718.53,137.695,515.9,41.82,0,3.46,3.51,2591.5,198.155,696.25,54.5025,0,3.55,3.63,54394.9,7.22969,1256.811519,7.01,10.91,114624,1.27238,209.991497,9.93,23.69,28875.4,22.443,3248.987969,30.82,71.23,120100,1.15493,185.131352,8.13,20.95,8953.05,131.836,1494.995052,17.57,19.69,6240.45,187.953,3302.644472,17.19,16.57,4,4096M,4,4096M,2,8750,6,43,400,22,55,8150,13.6,6,500,238,14,20,3,1,FALSE,TRUE,FALSE,FALSE,TRUE,FALSE,TRUE,TRUE,TRUE,TRUE,FALSE,TRUE,TRUE,UseSerialGC,TRUE,TRUE,TRUE,tfb-qrh-sample,autotune-tfb,kusumach/tfb-qrh:2.9.0.F_mm
1,158122.220583333,65937.4156583333,3.02182,883.617,2.79681426705926,3.21026675115926,818,944,23334.2,21.92,228.59,25.57,0,0.87,0.89,44616,11.4575,66.06,9.415,0,3.56,3.59,12160.2,42.2675,341.84,39.2,0,13.08,13,46001.1,11.1125,112.72,8.6625,0,3.55,3.65,3628.97,141.238,503.32,45.7575,0,0.77,0.67,2552.4,201.123,599.79,55.485,0,1.22,1.21,55811.6,5.05849,2227.451205,8.29,10.18,105860,0.84593,1404.5236,28.42,24.42,29105.4,16.0716,5000.704658,87.77,178.16,109511,0.842817,2348.850496,23.81,46.23,8723.73,135.979,2825.337858,4.45,15.14,6139.55,193.322,3493.880294,9.9,12.92,4,4096M,4,4096M,21,550,11,50,415,34,20,9000,14,4,1740,214,8,40,6,1,FALSE,FALSE,TRUE,TRUE,FALSE,TRUE,FALSE,FALSE,FALSE,TRUE,TRUE,TRUE,FALSE,UseParallelGC,FALSE,FALSE,TRUE,tfb-qrh-sample,autotune-tfb,kusumach/tfb-qrh:2.9.0.F_mm
35,156141.404016667,64978.327295,2.91263,493.812,2.67840428636296,3.12061980200741,456,508,19895.3,25.695,406.85,27.82,0,2.26,2.18,34362.9,14.88,253.76,16.3625,0,3.51,3.48,9842.94,51.9275,637.53,48.525,0,2.39,2.45,36766.5,13.9125,100.66,14.75,0,4.09,4.14,3602.61,142.282,633.34,50.91,0,1.49,1.47,2874.18,178.452,624.95,61.0025,0,2.1,2.08,47446.9,13.1193,1977.935356,17.67,9.64,82087.5,2.64023,216.687679,18.76,118.93,23584.5,39.2854,7521.110458,17.11,8.88,87721.1,2.04304,260.900203,24,140.74,8710.78,133.657,1077.459853,5.06,0.89,6911.3,169.554,1030.423437,10.06,0.16,4,4096M,4,4096M,5,3050,12,34,485,12,80,4900,10.4,4,4120,100,14,4,8,4,TRUE,TRUE,FALSE,FALSE,FALSE,FALSE,TRUE,TRUE,TRUE,FALSE,FALSE,FALSE,FALSE,UseSerialGC,FALSE,TRUE,FALSE,tfb-qrh-sample,autotune-tfb,kusumach/tfb-qrh:2.9.0.F_mm
12,134819.760343333,59443.4220833333,2.84422,601.192,2.62974971871852,3.05764490505556,528,657,19042.4,26.85,381.68,29.245,0,1.1,1.07,43307.3,11.805,249.56,10.845,0,1.18,1.16,7828.97,65.4125,4930,115.303,0,6.59,6.51,45947.6,11.125,513.8,9.975,0,1.39,1.32,3260.97,157.397,1100,61.635,0,4.87,4.87,2486.12,206.558,1380,78.5875,0,3.33,3.3,45593.4,12.2817,3821.296496,1.44,25.79,102280,2.48673,772.293275,3.58,46.68,17051.4,48.9848,4884.318522,14.16,14.56,107854,2.38457,509.038178,4.3,53.43,7602.37,153.667,2398.155632,13.43,23.46,5485.87,213.941,3475.620697,22.63,34.71,4,4096M,4,4096M,7,5050,12,34,450,41,105,6050,3.3,8,2260,72,19,7,6,4,FALSE,FALSE,FALSE,FALSE,TRUE,TRUE,FALSE,FALSE,TRUE,TRUE,TRUE,TRUE,TRUE,UseSerialGC,FALSE,FALSE,TRUE,tfb-qrh-sample,autotune-tfb,kusumach/tfb-qrh:2.9.0.F_mm
47,134344.443435,56090.2662066667,2.87713,461.024,2.6730789644037,3.08131078628889,430,483,18291.5,27.9725,396.36,28.345,0,4.67,4.62,31387.3,16.29,98.04,17.745,0,2.26,2.32,8641.92,59.2275,591.4,50.585,0,2.63,2.67,33804.9,15.1225,260.05,15.8475,0,2.25,2.22,3410.89,150.397,528.48,48.8825,0,5.61,5.64,2318.05,221.41,633.34,65.9675,0,1.64,1.59,43507.2,17.7112,1906.944772,31.96,72.02,74744.5,2.63627,1558.458773,16.85,17.2,20788.8,49.9121,2957.302369,4.26,3.17,80704.4,2.15214,569.898442,12.68,181.05,8200.23,143.301,982.630139,36.29,40.28,5551.62,211.94,1624.657093,4.12,1.16,4,4096M,4,4096M,7,8250,9,25,420,35,110,9100,11.5,1,660,82,18,17,8,1,FALSE,TRUE,TRUE,FALSE,FALSE,FALSE,TRUE,TRUE,TRUE,TRUE,TRUE,FALSE,TRUE,UseSerialGC,FALSE,TRUE,FALSE,tfb-qrh-sample,autotune-tfb,kusumach/tfb-qrh:2.9.0.F_mm
32,127442.03679,56917.4368583333,2.95484,559.912,2.79594547242963,3.17192796988148,499,624,17286,29.5725,304.09,32.14,0,2.75,2.77,35759.4,14.295,260.05,15.0275,0,3.53,3.44,7814.52,65.5725,5700,119.505,0,7.73,7.5,37710.1,13.5575,162.53,13.5475,0,2,2.02,3176.06,161.3,826.28,55.975,0,2.76,2.5,2466.97,208.618,1860,75.27,0,8.68,9.12,41024.2,13.4215,9288.690232,9.85,21.86,84503.3,1.78015,2025.579094,20.87,11.94,16591.6,54.9586,5682.688117,17.46,28.25,88135.3,1.6322,501.139071,11.3,28.63,7539.3,154.096,2026.639504,17.76,8.54,5308.98,220.934,4568.625624,46.55,40.35,4,4096M,4,4096M,5,3250,10,48,455,29,100,2850,6.7,2,1480,22,15,9,6,4,FALSE,TRUE,FALSE,FALSE,TRUE,FALSE,FALSE,TRUE,TRUE,FALSE,TRUE,TRUE,FALSE,UseSerialGC,FALSE,TRUE,FALSE,tfb-qrh-sample,autotune-tfb,kusumach/tfb-qrh:2.9.0.F_mm
42,119436.629326667,53678.2028083333,2.94604,592.716,2.75517138568889,3.19838875197037,550,650,21594.7,23.685,312.48,22.7,0,1.33,1.37,47409.8,10.7825,83.89,7.3225,0,1.91,1.95,5060.6,101.7,4800,144.373,0,12.24,12.39,50209.6,10.185,64.49,6.1225,0,3.52,3.5,3437.03,149.183,583.01,53.7725,0,2.11,2.1,1954.2,266.025,2620,190.468,0,18.96,19.01,51140.3,10.7117,1149.049801,2.35,1.43,111666,2.09984,157.287399,9.4,0.23,10472.3,92.682,5594.75698,61.86,55.57,118099,2.02899,291.848199,23.86,43.4,8047.92,146.762,1490.756104,18.3,18.5,4083.72,293.976,3324.901696,126.09,127.4,4,4096M,4,4096M,10,8700,12,41,375,45,190,2550,9.1,1,4500,190,20,10,8,3,FALSE,TRUE,FALSE,FALSE,FALSE,FALSE,TRUE,TRUE,TRUE,TRUE,TRUE,FALSE,TRUE,UseSerialGC,FALSE,TRUE,TRUE,tfb-qrh-sample,autotune-tfb,kusumach/tfb-qrh:2.9.0.F_mm
10,112867.070473333,51129.93623,2.90826,562.658,2.6800036888,3.12477301897778,502,632,16833,30.3675,658.51,35.2275,0,0.85,0.8,37731,13.53,225.44,14.195,0,2.76,2.48,6457.1,79.72,6170,206.603,0,14.78,14.98,38764,13.19,367,13.8525,0,2.34,2.3,2823.54,181.522,3240,86.1075,0,1.45,1.66,2132.26,240.785,5000,127.22,0,3.37,3.31,39983.8,13.2096,7620.898386,6.64,50.15,88804.3,1.67166,13790.761944,14.73,50.1,14302.5,57.7146,22989.375209,72.7,98.22,91060,1.5574,501.196865,12.88,22.81,6652.47,174.698,4679.281273,4.28,9.81,4404.93,266.413,7681.727873,0.42,14.26,4,4096M,4,4096M,8,1800,4,75,470,34,85,5950,4.5,5,4860,46,13,14,5,2,FALSE,FALSE,TRUE,FALSE,TRUE,TRUE,FALSE,TRUE,TRUE,FALSE,TRUE,FALSE,TRUE,UseSerialGC,FALSE,FALSE,FALSE,tfb-qrh-sample,autotune-tfb,kusumach/tfb-qrh:2.9.0.F_mm
9,101881.997558333,45058.9057933333,2.93632,490.604,2.63990033563704,3.14605674596296,424,549,14460,35.4025,1840,35.515,0,4.6,4.62,19732.8,14.645,167.77,22.4867,0,107,106.98,5929.77,86.435,3620,133.588,0,6.96,6.98,28659.4,17.9075,295.7,20.64,0,10.96,11.29,2982.76,171.945,801.11,66.045,0,3.35,3.37,1927.89,266.153,1600,94.23,0,5.15,5.51,33925.6,18.4774,2412.270111,23.25,32.21,62776.7,4.8318,1805.830944,61.96,259.59,12936.7,68.3092,4733.939281,15.87,31.67,67435.4,4.06758,646.753006,70.98,268.72,6631.7,173.445,2505.886293,15.46,10.29,4119.85,283.326,4703.953077,19.91,13.89,4,4096M,4,4096M,27,8950,11,49,410,10,160,9500,4.9,1,2380,64,18,16,9,1,FALSE,TRUE,TRUE,FALSE,TRUE,FALSE,FALSE,FALSE,TRUE,TRUE,FALSE,FALSE,TRUE,UseSerialGC,TRUE,TRUE,FALSE,tfb-qrh-sample,autotune-tfb,kusumach/tfb-qrh:2.9.0.F_mm
63,99304.629885,41272.2076316667,3.01397,706.632,2.79959656577778,3.22323183279259,642,762,13163,38.875,202.38,32.8775,0,2.29,2.3,23165.1,22.08,101.71,20.3525,0,0.67,0.66,7385.13,69.375,400.56,47.31,0,2.2,2.17,24523.6,20.855,145.75,19.355,0,0.7,0.73,2172.9,236.283,876.61,70.185,0,1.87,1.86,1758.96,292.25,796.92,74.9275,0,1.12,1.1,31658.7,17.2736,873.789546,15.71,24.93,55537.3,9.43594,77.050997,1.59,10.62,17722.3,32.4506,989.954439,14.04,1.29,58746.6,9.21426,89.819857,0.29,30.67,5240.18,233.363,876.057144,11,9.04,4235.07,288.62,890.579344,4.44,5.33,4,4096M,4,4096M,19,7300,10,43,480,25,170,5100,13.1,5,2400,144,12,7,7,1,TRUE,TRUE,FALSE,FALSE,TRUE,FALSE,TRUE,TRUE,TRUE,TRUE,TRUE,FALSE,TRUE,UseParallelGC,TRUE,FALSE,TRUE,tfb-qrh-sample,autotune-tfb,kusumach/tfb-qrh:2.9.0.F_mm
3,94380.5754683333,39222.4375166667,3.02681,639.352,2.83451914055185,3.22400035651111,577,688,13435.3,38.0775,205.52,33.625,0,0.94,0.97,23515.4,21.745,103.28,20.5525,0,1.15,1.24,6874.36,74.6225,360.71,48.0825,0,6.87,6.86,24765.1,20.6475,96.47,19.11,0,0.79,0.79,2071.01,248.058,1210,98.9875,0,0.7,0.66,1629.31,315.678,1220,108.45,0,0.72,0.77,32214.2,16.5485,1396.526508,6.73,3.8,56307.1,9.23262,212.672703,1.87,26.12,16532.1,34.1892,1141.370983,42.41,52.3,59244.7,9.0447,135.013561,3.17,23.71,4994.33,244.2,1599.718769,0.18,1.44,3925.52,307.498,1500.414475,4.52,1.97,4,4096M,4,4096M,27,9650,4,80,465,33,180,1850,13.2,6,1380,92,10,19,8,1,TRUE,FALSE,TRUE,FALSE,FALSE,FALSE,FALSE,FALSE,TRUE,TRUE,FALSE,FALSE,FALSE,UseParallelGC,FALSE,FALSE,TRUE,tfb-qrh-sample,autotune-tfb,kusumach/tfb-qrh:2.9.0.F_mm
84,79219.2262683333,32864.1318416667,3.00405,752.17,2.77435435571481,3.22626050895926,714,819,8627.93,59.375,210.76,30.155,0,4.77,4.69,11170.4,45.8175,222.3,22.455,0,3.14,3.11,4487.32,114.245,518,59.825,0,5.39,5.29,11072.8,46.2175,301.99,26.085,0,1.21,1.21,2019.59,254.395,780.14,64.175,0,0.24,0.25,1565.35,328.712,813.69,70.8575,0,0.14,0.14,20874.1,28.6381,871.21485,22.76,24.31,26860.2,21.8824,179.543665,16.28,13.58,10878.7,55.0415,3060.631014,14.19,11.1,26710.7,22.4523,201.432236,6.55,5.68,4867.45,249.861,788.226345,0.01,11.42,3768.82,325.625,903.012701,0.49,0.65,4,4096M,4,4096M,8,8500,8,31,425,39,145,3800,12.4,2,4100,164,17,4,7,2,TRUE,TRUE,FALSE,FALSE,FALSE,TRUE,TRUE,FALSE,TRUE,TRUE,TRUE,FALSE,TRUE,UseParallelGC,FALSE,FALSE,TRUE,tfb-qrh-sample,autotune-tfb,kusumach/tfb-qrh:2.9.0.F_mm
5,68707.6825,28551.9046366667,3.02881,862.781,2.78123722483333,3.22585902388148,800,926,8888.48,57.6175,248.51,30.225,0,3.58,3.58,11321.7,45.205,304.09,22.605,0,2.47,2.46,4614.38,111.16,484.44,47.495,0,5.48,5.64,11051,46.3125,354.42,28.125,0,2.73,2.71,1740.01,295.5,1410,115.703,0,1.72,1.69,1259.45,408.952,1600,140.767,0,1.22,1.11,21725.4,27.3518,1222.095786,26.92,38.56,27343.1,21.4459,207.324968,15.95,17.36,11148.4,51.9426,2600.174691,28.04,42.48,26583.1,22.2733,198.192784,10.62,6.15,4193.98,289.98,1411.570025,8.78,10.77,3016,400.494,1792.917826,2.7,14.49,4,4096M,4,4096M,24,4650,10,85,425,14,165,8100,14.7,2,1060,150,19,44,5,2,TRUE,TRUE,TRUE,FALSE,TRUE,TRUE,FALSE,FALSE,TRUE,FALSE,FALSE,TRUE,FALSE,UseParallelGC,TRUE,FALSE,TRUE,tfb-qrh-sample,autotune-tfb,kusumach/tfb-qrh:2.9.0.F_mm
4,56051.7214216667,23242.9896516667,2.95786,411.513,2.74001297347037,3.16927841186296,391,437,4721.73,108.627,505.41,44.875,0,4.88,5.03,5878.44,87.36,429.92,42.265,0,8.44,8.43,2800.21,183.32,998.24,91.1575,0,8.56,9.14,5565.54,92.01,518,59.3225,0,1.73,1.66,1572.44,327.15,1010,96.2475,0,2.19,2.22,1153.57,446.857,1310,118.778,0,3.4,3.47,11337.7,48.9898,751.083236,19.78,15.05,14164.4,39.9455,280.240859,30.11,27.99,6779.02,86.6881,1243.208761,33.72,26.7,13466,42.8798,344.712337,6.47,8.25,3796.48,321.557,1085.775124,12.34,8.63,2780.23,432.732,1303.772999,9.86,17.2,4,4096M,4,4096M,13,8500,1,35,360,20,135,3550,5.7,1,1620,218,18,27,6,2,TRUE,FALSE,TRUE,TRUE,TRUE,TRUE,FALSE,TRUE,TRUE,TRUE,FALSE,FALSE,FALSE,UseSerialGC,FALSE,FALSE,FALSE,tfb-qrh-sample,autotune-tfb,kusumach/tfb-qrh:2.9.0.F_mm
82,29978.8501616667,12774.8716031667,3.04683,819.932,2.79364318011482,3.25792020695926,737,935,2302.97,224.582,687.87,45.45,0,17.03,15.58,2205.14,232.68,692.06,55.3125,0,2.61,2.79,706.79,744.233,3420,291.952,0,23.72,25.1,2185.96,234.692,968.88,91.4275,0,3.39,3.41,949.102,545.858,3510,142.275,0,10.93,11.76,681.183,759.9,2300,153.562,0,3.03,3.19,5601.1,110.528,4602.136081,71.12,74.64,5404.13,113.881,306.609763,10.1,10.85,1748.63,362.482,3530.560141,124.3,130.64,5402.15,113.998,375.69993,29.2,37.88,2166.73,521.911,2210.792383,47.4,48.85,1603.42,735.921,2177.264676,4.11,7.81,4,4096M,4,4096M,12,1300,11,24,460,42,85,7000,11.3,3,3340,50,11,14,7,3,TRUE,TRUE,FALSE,FALSE,TRUE,TRUE,TRUE,FALSE,FALSE,FALSE,TRUE,FALSE,FALSE,UseParallelGC,TRUE,TRUE,TRUE,tfb-qrh-sample,autotune-tfb,kusumach/tfb-qrh:2.9.0.F_mm
14,27648.6918381667,11739.2945215,3.0585,710.344,2.85329746468148,3.2810644334037,652,842,1288.39,411.92,1800,129.025,0,34.81,29.24,1064.83,484.447,1690,171.93,0,3.4,3.46,340.572,1527.5,7310,930.717,0,5.92,5.13,1081.15,476.595,2320,323.808,0,6.66,6.29,932.243,554.268,2260,154.835,0,1.72,1.72,662.59,782.722,2260,157.623,0,4.43,4.4,3175.58,191.068,3432.746021,58.21,56.91,2598.93,230.47,695.482385,4.97,2.12,841.067,737.628,6513.396247,36.01,25.97,2650.25,229.591,1073.671435,18.61,9.65,2159.62,542.236,2096.305768,13.07,0.86,1564.52,765.48,2412.210495,3.64,2.91,4,4096M,4,4096M,6,7750,7,25,440,18,190,5150,5.1,7,4080,134,15,14,7,3,TRUE,TRUE,TRUE,FALSE,FALSE,TRUE,FALSE,FALSE,FALSE,TRUE,TRUE,FALSE,TRUE,UseParallelGC,FALSE,TRUE,FALSE,tfb-qrh-sample,autotune-tfb,kusumach/tfb-qrh:2.9.0.F_mm
49,21353.2478583333,8893.65212416667,3.04504,468.361,2.8303032795,3.26493238721481,427,508,2537.41,203.558,608.17,47.3375,0,16.09,14.76,2515.47,204.392,624.95,48.9475,0,9.51,9.61,757.395,692.775,3220,321.952,0,25.8,31.25,2444.26,210.877,918.55,91.025,0,12.83,12.16,522.783,1007.15,5000,442.103,0,25.79,24.51,462.015,1127.5,5000,380.255,0,9.94,9.6,6094.77,101.096,2767.683921,68.7,65.53,6032.95,101.928,297.362698,52.12,49.54,1832.37,347.38,4140.631744,108.34,105.58,5883.82,105.447,381.848908,56.52,61.83,1265.78,620.559,3111.320879,157.98,112.09,1105.07,1024.08,4005.281693,68.91,40.47,4,4096M,4,4096M,26,950,11,38,445,32,25,5800,8.2,6,4340,94,6,10,4,3,TRUE,TRUE,FALSE,FALSE,TRUE,FALSE,TRUE,FALSE,FALSE,FALSE,FALSE,TRUE,FALSE,UseSerialGC,TRUE,TRUE,TRUE,tfb-qrh-sample,autotune-tfb,kusumach/tfb-qrh:2.9.0.F_mm
51,19214.7226566667,7964.1469455,3.0553,441.532,2.79085446040741,3.27946911054815,369,663,2583.86,200.91,583.01,39.4,0,20.08,18.1,2660.35,193.08,608.17,51.4575,0,7.1,6.97,812.707,669.168,3020,247.998,0,36.29,45.13,2596.28,197.625,788.53,82.1,0,4.51,4.53,466.985,1120,3790,400.738,0,8.6,8.2,391.223,1345,5400,509.34,0,16.04,16,6293.62,98.378,2781.989431,106.04,110.98,6495.38,94.638,361.805942,31.43,27.11,1960.83,328.172,4044.218429,171.26,167.29,6234.88,98.7053,299.801735,14.93,9.2,1143.37,555.739,1885.650461,59.01,57.86,936,1169.78,5495.059514,104.25,77.73,4,4096M,4,4096M,15,1050,9,50,425,13,45,3950,9.5,5,2520,38,6,14,7,3,TRUE,TRUE,FALSE,FALSE,TRUE,FALSE,TRUE,TRUE,FALSE,FALSE,TRUE,TRUE,TRUE,UseParallelGC,TRUE,TRUE,TRUE,tfb-qrh-sample,autotune-tfb,kusumach/tfb-qrh:2.9.0.F_mm
39,17339.4958185,7040.90867683333,3.05229,540.588,2.8163787102963,3.2652972342037,458,615,2693.65,192.572,700.45,48.13,0,20.95,18.63,2529.69,203.065,717.23,63.3525,0,8.43,8.67,807.578,645.85,3940,363.692,0,16.43,17.69,2381.12,215.36,1080,120.895,0,4.05,4,468.695,1115,4630,565.87,0,7.85,8.28,309.59,1690,8660,904.905,0,6.63,7.57,6590.95,93.7321,3566.792106,66.51,66.81,6087.57,101.063,298.477723,8.73,14.13,1974.5,320.995,3633.250606,80.87,80.15,5734.93,107.591,435.775455,16.92,18.44,1155.75,550.475,2302.068362,9.91,1.81,766.267,941.067,6800.24454,1.33,82.59,4,4096M,4,4096M,21,4650,12,71,410,23,30,3350,5.7,3,3680,66,14,8,7,3,TRUE,TRUE,TRUE,FALSE,TRUE,FALSE,TRUE,FALSE,FALSE,FALSE,TRUE,FALSE,FALSE,UseParallelGC,TRUE,TRUE,TRUE,tfb-qrh-sample,autotune-tfb,kusumach/tfb-qrh:2.9.0.F_mm
53,17109.1551048333,6956.58443466667,3.05266,538.788,2.83210054380741,3.26859147612963,328,719,2275.91,225.84,775.95,55.3925,0,6.13,6.73,2211.92,232.26,692.06,56.4775,0,3.27,3.32,710.097,733.755,3810,371.66,0,16.62,18.43,2257.37,227.57,926.94,112.005,0,8.21,8.52,470.085,1110,4110,511.38,0,6.2,5.85,323.118,1620,6810,796.455,0,4.71,4.46,5517.8,111.345,3349.995322,18.8,14.29,5354.32,114.611,305.391825,0.9,2.71,1779.42,352.664,4281.766681,78.46,70.26,5451.42,112.883,445.913209,11.33,12.75,1148.27,552.335,1906.333536,16.19,25.17,798.733,835.864,5580.016199,9.86,23.84,4,4096M,4,4096M,5,3950,9,65,415,50,185,5150,13.5,3,2500,194,19,10,6,3,TRUE,TRUE,TRUE,FALSE,FALSE,FALSE,TRUE,TRUE,TRUE,TRUE,TRUE,FALSE,FALSE,UseParallelGC,FALSE,FALSE,TRUE,tfb-qrh-sample,autotune-tfb,kusumach/tfb-qrh:2.9.0.F_mm
76,7816.22701733333,3132.33428533333,3.13238,800.709,2.96058436996667,3.39530767632222,674,989,842.168,614.153,1530,78.42,0,4.41,4.47,923.787,557.465,1670,123.232,0,2.07,2.05,386.783,1350,3890,412.127,0,2.14,1.67,920.655,561.467,2060,182.67,0,3.05,2.73,219.572,2420,7010,649.337,0,1.1,1.07,144.9,3737.5,8390,890.683,0,0.57,0.41,2035.02,298.728,4326.790373,9.48,28.47,2242.68,268.555,691.057457,0.52,4.7,942.5,640.909,3751.658928,7.64,4.55,2229.5,269.494,767.287659,24.94,28.73,542.583,1980.57,6192.600835,1.13,8.49,367.383,3299.37,8100.163045,0.4,11.53,4,4096M,4,4096M,15,8000,8,19,500,23,10,4350,7.9,3,1360,190,19,20,3,0,TRUE,TRUE,FALSE,FALSE,FALSE,TRUE,TRUE,TRUE,TRUE,TRUE,FALSE,TRUE,FALSE,UseG1GC,TRUE,FALSE,TRUE,tfb-qrh-sample,autotune-tfb,kusumach/tfb-qrh:2.9.0.F_mm

